YEAR,MONTH,TEMP_CELSIUS,MONTH_NUM,MONTHLY_NORMAL_CELSIUS,TEMP_ANOMALY_CELSIUS
1901,JAN,22.4,1,24.168,-1.7680000000000007
1901,FEB,24.14,2,26.28033333333333,-2.1403333333333308
1901,MAR,29.07,3,29.62366666666667,-0.5536666666666683
1901,APR,31.91,4,32.41766666666667,-0.5076666666666689
1901,MAY,33.41,5,33.82633333333333,-0.4163333333333341
1901,JUN,33.18,6,33.011,0.16899999999999693
1901,JUL,31.21,7,31.315333333333335,-0.10533333333333417
1901,AUG,30.39,8,30.858333333333334,-0.4683333333333337
1901,SEP,30.47,9,30.892666666666667,-0.4226666666666681
1901,OCT,29.97,10,30.158333333333335,-0.18833333333333613
1901,NOV,27.31,11,27.775666666666666,-0.46566666666666734
1901,DEC,24.49,12,25.161333333333335,-0.6713333333333367
1902,JAN,24.93,1,24.168,0.7620000000000005
1902,FEB,26.58,2,26.28033333333333,0.29966666666666697
1902,MAR,29.77,3,29.62366666666667,0.14633333333333098
1902,APR,31.78,4,32.41766666666667,-0.6376666666666679
1902,MAY,33.73,5,33.82633333333333,-0.09633333333333383
1902,JUN,32.91,6,33.011,-0.1010000000000062
1902,JUL,30.92,7,31.315333333333335,-0.3953333333333333
1902,AUG,30.73,8,30.858333333333334,-0.12833333333333385
1902,SEP,29.8,9,30.892666666666667,-1.0926666666666662
1902,OCT,29.12,10,30.158333333333335,-1.038333333333334
1902,NOV,26.31,11,27.775666666666666,-1.4656666666666673
1902,DEC,24.04,12,25.161333333333335,-1.121333333333336
1903,JAN,23.44,1,24.168,-0.727999999999998
1903,FEB,25.03,2,26.28033333333333,-1.2503333333333302
1903,MAR,27.83,3,29.62366666666667,-1.7936666666666703
1903,APR,31.39,4,32.41766666666667,-1.0276666666666685
1903,MAY,32.91,5,33.82633333333333,-0.9163333333333341
1903,JUN,33.0,6,33.011,-0.011000000000002785
1903,JUL,31.34,7,31.315333333333335,0.024666666666664838
1903,AUG,29.98,8,30.858333333333334,-0.8783333333333339
1903,SEP,29.85,9,30.892666666666667,-1.0426666666666655
1903,OCT,29.04,10,30.158333333333335,-1.1183333333333358
1903,NOV,26.08,11,27.775666666666666,-1.6956666666666678
1903,DEC,23.65,12,25.161333333333335,-1.5113333333333365
1904,JAN,22.5,1,24.168,-1.6679999999999993
1904,FEB,24.73,2,26.28033333333333,-1.550333333333331
1904,MAR,28.21,3,29.62366666666667,-1.4136666666666677
1904,APR,32.02,4,32.41766666666667,-0.39766666666666595
1904,MAY,32.64,5,33.82633333333333,-1.1863333333333301
1904,JUN,32.07,6,33.011,-0.9410000000000025
1904,JUL,30.36,7,31.315333333333335,-0.9553333333333356
1904,AUG,30.09,8,30.858333333333334,-0.7683333333333344
1904,SEP,30.04,9,30.892666666666667,-0.8526666666666678
1904,OCT,29.2,10,30.158333333333335,-0.9583333333333357
1904,NOV,26.36,11,27.775666666666666,-1.4156666666666666
1904,DEC,23.63,12,25.161333333333335,-1.531333333333336
1905,JAN,22.0,1,24.168,-2.1679999999999993
1905,FEB,22.83,2,26.28033333333333,-3.450333333333333
1905,MAR,26.68,3,29.62366666666667,-2.943666666666669
1905,APR,30.01,4,32.41766666666667,-2.4076666666666675
1905,MAY,33.32,5,33.82633333333333,-0.5063333333333304
1905,JUN,33.25,6,33.011,0.23899999999999721
1905,JUL,31.44,7,31.315333333333335,0.12466666666666626
1905,AUG,30.68,8,30.858333333333334,-0.17833333333333456
1905,SEP,30.12,9,30.892666666666667,-0.772666666666666
1905,OCT,30.67,10,30.158333333333335,0.5116666666666667
1905,NOV,27.52,11,27.775666666666666,-0.2556666666666665
1905,DEC,23.82,12,25.161333333333335,-1.3413333333333348
1906,JAN,22.28,1,24.168,-1.8879999999999981
1906,FEB,23.69,2,26.28033333333333,-2.59033333333333
1906,MAR,27.31,3,29.62366666666667,-2.31366666666667
1906,APR,31.93,4,32.41766666666667,-0.48766666666666936
1906,MAY,34.11,5,33.82633333333333,0.28366666666666873
1906,JUN,32.19,6,33.011,-0.8210000000000051
1906,JUL,31.01,7,31.315333333333335,-0.30533333333333346
1906,AUG,30.3,8,30.858333333333334,-0.5583333333333336
1906,SEP,29.92,9,30.892666666666667,-0.9726666666666652
1906,OCT,29.55,10,30.158333333333335,-0.6083333333333343
1906,NOV,27.6,11,27.775666666666666,-0.17566666666666464
1906,DEC,24.72,12,25.161333333333335,-0.44133333333333624
1907,JAN,24.46,1,24.168,0.2920000000000016
1907,FEB,24.01,2,26.28033333333333,-2.2703333333333298
1907,MAR,27.04,3,29.62366666666667,-2.5836666666666694
1907,APR,31.79,4,32.41766666666667,-0.6276666666666699
1907,MAY,32.68,5,33.82633333333333,-1.146333333333331
1907,JUN,31.92,6,33.011,-1.091000000000001
1907,JUL,31.05,7,31.315333333333335,-0.2653333333333343
1907,AUG,29.58,8,30.858333333333334,-1.278333333333336
1907,SEP,30.67,9,30.892666666666667,-0.22266666666666524
1907,OCT,29.87,10,30.158333333333335,-0.288333333333334
1907,NOV,27.78,11,27.775666666666666,0.0043333333333350765
1907,DEC,24.44,12,25.161333333333335,-0.7213333333333338
1908,JAN,23.57,1,24.168,-0.597999999999999
1908,FEB,25.26,2,26.28033333333333,-1.0203333333333298
1908,MAR,28.86,3,29.62366666666667,-0.7636666666666692
1908,APR,32.42,4,32.41766666666667,0.0023333333333326323
1908,MAY,33.02,5,33.82633333333333,-0.8063333333333276
1908,JUN,33.12,6,33.011,0.10899999999999466
1908,JUL,30.61,7,31.315333333333335,-0.7053333333333356
1908,AUG,29.55,8,30.858333333333334,-1.3083333333333336
1908,SEP,29.59,9,30.892666666666667,-1.302666666666667
1908,OCT,29.35,10,30.158333333333335,-0.8083333333333336
1908,NOV,26.88,11,27.775666666666666,-0.895666666666667
1908,DEC,23.73,12,25.161333333333335,-1.4313333333333347
1909,JAN,22.67,1,24.168,-1.4979999999999976
1909,FEB,24.36,2,26.28033333333333,-1.920333333333332
1909,MAR,29.22,3,29.62366666666667,-0.4036666666666697
1909,APR,30.79,4,32.41766666666667,-1.62766666666667
1909,MAY,33.06,5,33.82633333333333,-0.7663333333333284
1909,JUN,31.7,6,33.011,-1.3110000000000035
1909,JUL,29.81,7,31.315333333333335,-1.5053333333333363
1909,AUG,29.81,8,30.858333333333334,-1.0483333333333356
1909,SEP,30.06,9,30.892666666666667,-0.8326666666666682
1909,OCT,29.25,10,30.158333333333335,-0.908333333333335
1909,NOV,27.69,11,27.775666666666666,-0.08566666666666478
1909,DEC,23.69,12,25.161333333333335,-1.4713333333333338
1910,JAN,23.24,1,24.168,-0.9280000000000008
1910,FEB,25.16,2,26.28033333333333,-1.1203333333333312
1910,MAR,28.48,3,29.62366666666667,-1.1436666666666682
1910,APR,31.42,4,32.41766666666667,-0.9976666666666674
1910,MAY,33.51,5,33.82633333333333,-0.3163333333333327
1910,JUN,31.84,6,33.011,-1.171000000000003
1910,JUL,30.42,7,31.315333333333335,-0.8953333333333333
1910,AUG,29.86,8,30.858333333333334,-0.9983333333333348
1910,SEP,29.82,9,30.892666666666667,-1.0726666666666667
1910,OCT,28.91,10,30.158333333333335,-1.2483333333333348
1910,NOV,26.32,11,27.775666666666666,-1.4556666666666658
1910,DEC,23.37,12,25.161333333333335,-1.791333333333334
1911,JAN,23.22,1,24.168,-0.9480000000000004
1911,FEB,24.58,2,26.28033333333333,-1.700333333333333
1911,MAR,27.04,3,29.62366666666667,-2.5836666666666694
1911,APR,31.27,4,32.41766666666667,-1.1476666666666695
1911,MAY,33.78,5,33.82633333333333,-0.04633333333332956
1911,JUN,32.23,6,33.011,-0.7810000000000059
1911,JUL,31.44,7,31.315333333333335,0.12466666666666626
1911,AUG,30.8,8,30.858333333333334,-0.05833333333333357
1911,SEP,30.1,9,30.892666666666667,-0.7926666666666655
1911,OCT,29.43,10,30.158333333333335,-0.7283333333333353
1911,NOV,25.7,11,27.775666666666666,-2.0756666666666668
1911,DEC,23.71,12,25.161333333333335,-1.4513333333333343
1912,JAN,23.7,1,24.168,-0.46799999999999997
1912,FEB,26.07,2,26.28033333333333,-0.21033333333333104
1912,MAR,28.7,3,29.62366666666667,-0.9236666666666693
1912,APR,31.29,4,32.41766666666667,-1.12766666666667
1912,MAY,33.3,5,33.82633333333333,-0.5263333333333335
1912,JUN,33.18,6,33.011,0.16899999999999693
1912,JUL,31.05,7,31.315333333333335,-0.2653333333333343
1912,AUG,30.18,8,30.858333333333334,-0.6783333333333346
1912,SEP,30.19,9,30.892666666666667,-0.7026666666666657
1912,OCT,29.64,10,30.158333333333335,-0.5183333333333344
1912,NOV,26.37,11,27.775666666666666,-1.405666666666665
1912,DEC,23.7,12,25.161333333333335,-1.4613333333333358
1913,JAN,23.71,1,24.168,-0.4579999999999984
1913,FEB,24.79,2,26.28033333333333,-1.4903333333333322
1913,MAR,27.62,3,29.62366666666667,-2.0036666666666676
1913,APR,32.02,4,32.41766666666667,-0.39766666666666595
1913,MAY,33.07,5,33.82633333333333,-0.7563333333333304
1913,JUN,32.23,6,33.011,-0.7810000000000059
1913,JUL,30.65,7,31.315333333333335,-0.6653333333333364
1913,AUG,30.48,8,30.858333333333334,-0.37833333333333385
1913,SEP,30.33,9,30.892666666666667,-0.5626666666666686
1913,OCT,29.42,10,30.158333333333335,-0.7383333333333333
1913,NOV,26.28,11,27.775666666666666,-1.495666666666665
1913,DEC,23.56,12,25.161333333333335,-1.6013333333333364
1914,JAN,24.42,1,24.168,0.25200000000000244
1914,FEB,24.77,2,26.28033333333333,-1.5103333333333318
1914,MAR,28.01,3,29.62366666666667,-1.613666666666667
1914,APR,30.96,4,32.41766666666667,-1.4576666666666682
1914,MAY,33.23,5,33.82633333333333,-0.5963333333333338
1914,JUN,32.67,6,33.011,-0.3410000000000011
1914,JUL,30.55,7,31.315333333333335,-0.7653333333333343
1914,AUG,29.96,8,30.858333333333334,-0.8983333333333334
1914,SEP,30.19,9,30.892666666666667,-0.7026666666666657
1914,OCT,28.63,10,30.158333333333335,-1.528333333333336
1914,NOV,26.75,11,27.775666666666666,-1.025666666666666
1914,DEC,23.82,12,25.161333333333335,-1.3413333333333348
1915,JAN,22.6,1,24.168,-1.5679999999999978
1915,FEB,23.84,2,26.28033333333333,-2.4403333333333315
1915,MAR,27.62,3,29.62366666666667,-2.0036666666666676
1915,APR,31.36,4,32.41766666666667,-1.0576666666666696
1915,MAY,34.2,5,33.82633333333333,0.37366666666667214
1915,JUN,33.1,6,33.011,0.08899999999999864
1915,JUL,31.52,7,31.315333333333335,0.20466666666666455
1915,AUG,30.79,8,30.858333333333334,-0.06833333333333513
1915,SEP,30.79,9,30.892666666666667,-0.1026666666666678
1915,OCT,30.08,10,30.158333333333335,-0.0783333333333367
1915,NOV,27.62,11,27.775666666666666,-0.15566666666666507
1915,DEC,23.78,12,25.161333333333335,-1.381333333333334
1916,JAN,24.13,1,24.168,-0.038000000000000256
1916,FEB,25.01,2,26.28033333333333,-1.2703333333333298
1916,MAR,30.21,3,29.62366666666667,0.5863333333333323
1916,APR,31.99,4,32.41766666666667,-0.42766666666667064
1916,MAY,33.43,5,33.82633333333333,-0.396333333333331
1916,JUN,31.78,6,33.011,-1.2310000000000016
1916,JUL,30.61,7,31.315333333333335,-0.7053333333333356
1916,AUG,29.97,8,30.858333333333334,-0.8883333333333354
1916,SEP,29.73,9,30.892666666666667,-1.1626666666666665
1916,OCT,28.98,10,30.158333333333335,-1.1783333333333346
1916,NOV,26.14,11,27.775666666666666,-1.6356666666666655
1916,DEC,23.82,12,25.161333333333335,-1.3413333333333348
1917,JAN,23.68,1,24.168,-0.48799999999999955
1917,FEB,25.35,2,26.28033333333333,-0.9303333333333299
1917,MAR,27.86,3,29.62366666666667,-1.7636666666666692
1917,APR,30.61,4,32.41766666666667,-1.8076666666666696
1917,MAY,31.93,5,33.82633333333333,-1.896333333333331
1917,JUN,31.44,6,33.011,-1.5710000000000015
1917,JUL,30.56,7,31.315333333333335,-0.7553333333333363
1917,AUG,29.86,8,30.858333333333334,-0.9983333333333348
1917,SEP,29.07,9,30.892666666666667,-1.8226666666666667
1917,OCT,27.9,10,30.158333333333335,-2.2583333333333364
1917,NOV,25.94,11,27.775666666666666,-1.8356666666666648
1917,DEC,23.43,12,25.161333333333335,-1.7313333333333354
1918,JAN,22.06,1,24.168,-2.1080000000000005
1918,FEB,25.08,2,26.28033333333333,-1.200333333333333
1918,MAR,27.95,3,29.62366666666667,-1.6736666666666693
1918,APR,30.68,4,32.41766666666667,-1.7376666666666694
1918,MAY,33.37,5,33.82633333333333,-0.45633333333333326
1918,JUN,31.82,6,33.011,-1.1910000000000025
1918,JUL,31.78,7,31.315333333333335,0.4646666666666661
1918,AUG,30.56,8,30.858333333333334,-0.29833333333333556
1918,SEP,30.27,9,30.892666666666667,-0.6226666666666674
1918,OCT,30.06,10,30.158333333333335,-0.09833333333333627
1918,NOV,26.95,11,27.775666666666666,-0.8256666666666668
1918,DEC,23.32,12,25.161333333333335,-1.8413333333333348
1919,JAN,23.32,1,24.168,-0.847999999999999
1919,FEB,24.1,2,26.28033333333333,-2.18033333333333
1919,MAR,28.58,3,29.62366666666667,-1.0436666666666703
1919,APR,31.55,4,32.41766666666667,-0.8676666666666684
1919,MAY,33.38,5,33.82633333333333,-0.44633333333332814
1919,JUN,32.48,6,33.011,-0.5310000000000059
1919,JUL,30.79,7,31.315333333333335,-0.5253333333333359
1919,AUG,30.1,8,30.858333333333334,-0.7583333333333329
1919,SEP,29.81,9,30.892666666666667,-1.0826666666666682
1919,OCT,29.44,10,30.158333333333335,-0.7183333333333337
1919,NOV,26.85,11,27.775666666666666,-0.9256666666666646
1919,DEC,23.5,12,25.161333333333335,-1.661333333333335
1920,JAN,22.87,1,24.168,-1.2979999999999983
1920,FEB,24.4,2,26.28033333333333,-1.8803333333333327
1920,MAR,28.11,3,29.62366666666667,-1.5136666666666692
1920,APR,30.89,4,32.41766666666667,-1.5276666666666685
1920,MAY,32.19,5,33.82633333333333,-1.636333333333333
1920,JUN,32.18,6,33.011,-0.8310000000000031
1920,JUL,31.05,7,31.315333333333335,-0.2653333333333343
1920,AUG,30.44,8,30.858333333333334,-0.418333333333333
1920,SEP,30.65,9,30.892666666666667,-0.24266666666666836
1920,OCT,30.03,10,30.158333333333335,-0.12833333333333385
1920,NOV,27.46,11,27.775666666666666,-0.3156666666666652
1920,DEC,24.82,12,25.161333333333335,-0.3413333333333348
1921,JAN,23.57,1,24.168,-0.597999999999999
1921,FEB,24.24,2,26.28033333333333,-2.040333333333333
1921,MAR,30.04,3,29.62366666666667,0.41633333333333056
1921,APR,32.47,4,32.41766666666667,0.05233333333332979
1921,MAY,35.84,5,33.82633333333333,2.0136666666666727
1921,JUN,32.4,6,33.011,-0.6110000000000042
1921,JUL,31.21,7,31.315333333333335,-0.10533333333333417
1921,AUG,29.83,8,30.858333333333334,-1.028333333333336
1921,SEP,29.79,9,30.892666666666667,-1.1026666666666678
1921,OCT,28.51,10,30.158333333333335,-1.6483333333333334
1921,NOV,26.61,11,27.775666666666666,-1.1656666666666666
1921,DEC,24.17,12,25.161333333333335,-0.9913333333333334
1922,JAN,22.96,1,24.168,-1.2079999999999984
1922,FEB,25.91,2,26.28033333333333,-0.3703333333333312
1922,MAR,29.37,3,29.62366666666667,-0.2536666666666676
1922,APR,31.85,4,32.41766666666667,-0.5676666666666677
1922,MAY,34.69,5,33.82633333333333,0.863666666666667
1922,JUN,32.44,6,33.011,-0.5710000000000051
1922,JUL,30.9,7,31.315333333333335,-0.41533333333333644
1922,AUG,30.54,8,30.858333333333334,-0.31833333333333513
1922,SEP,29.7,9,30.892666666666667,-1.1926666666666677
1922,OCT,28.81,10,30.158333333333335,-1.3483333333333363
1922,NOV,26.71,11,27.775666666666666,-1.0656666666666652
1922,DEC,23.62,12,25.161333333333335,-1.541333333333334
1923,JAN,23.25,1,24.168,-0.9179999999999993
1923,FEB,24.2,2,26.28033333333333,-2.080333333333332
1923,MAR,28.61,3,29.62366666666667,-1.0136666666666692
1923,APR,32.37,4,32.41766666666667,-0.04766666666667163
1923,MAY,33.23,5,33.82633333333333,-0.5963333333333338
1923,JUN,33.56,6,33.011,0.5489999999999995
1923,JUL,30.41,7,31.315333333333335,-0.9053333333333349
1923,AUG,29.96,8,30.858333333333334,-0.8983333333333334
1923,SEP,30.01,9,30.892666666666667,-0.8826666666666654
1923,OCT,28.57,10,30.158333333333335,-1.5883333333333347
1923,NOV,26.68,11,27.775666666666666,-1.0956666666666663
1923,DEC,24.05,12,25.161333333333335,-1.1113333333333344
1924,JAN,22.84,1,24.168,-1.3279999999999994
1924,FEB,25.05,2,26.28033333333333,-1.2303333333333306
1924,MAR,29.89,3,29.62366666666667,0.266333333333332
1924,APR,32.07,4,32.41766666666667,-0.3476666666666688
1924,MAY,32.35,5,33.82633333333333,-1.4763333333333293
1924,JUN,33.26,6,33.011,0.24899999999999523
1924,JUL,31.02,7,31.315333333333335,-0.29533333333333545
1924,AUG,30.26,8,30.858333333333334,-0.5983333333333327
1924,SEP,29.32,9,30.892666666666667,-1.5726666666666667
1924,OCT,29.43,10,30.158333333333335,-0.7283333333333353
1924,NOV,26.17,11,27.775666666666666,-1.6056666666666644
1924,DEC,23.81,12,25.161333333333335,-1.3513333333333364
1925,JAN,22.56,1,24.168,-1.6080000000000005
1925,FEB,24.58,2,26.28033333333333,-1.700333333333333
1925,MAR,29.32,3,29.62366666666667,-0.3036666666666683
1925,APR,32.53,4,32.41766666666667,0.11233333333333206
1925,MAY,32.56,5,33.82633333333333,-1.2663333333333284
1925,JUN,31.88,6,33.011,-1.1310000000000038
1925,JUL,30.31,7,31.315333333333335,-1.0053333333333363
1925,AUG,30.08,8,30.858333333333334,-0.778333333333336
1925,SEP,30.41,9,30.892666666666667,-0.4826666666666668
1925,OCT,29.43,10,30.158333333333335,-0.7283333333333353
1925,NOV,26.2,11,27.775666666666666,-1.5756666666666668
1925,DEC,24.15,12,25.161333333333335,-1.0113333333333365
1926,JAN,23.54,1,24.168,-0.6280000000000001
1926,FEB,25.92,2,26.28033333333333,-0.3603333333333296
1926,MAR,27.8,3,29.62366666666667,-1.8236666666666679
1926,APR,30.42,4,32.41766666666667,-1.9976666666666674
1926,MAY,32.4,5,33.82633333333333,-1.4263333333333321
1926,JUN,33.56,6,33.011,0.5489999999999995
1926,JUL,31.21,7,31.315333333333335,-0.10533333333333417
1926,AUG,30.26,8,30.858333333333334,-0.5983333333333327
1926,SEP,29.51,9,30.892666666666667,-1.3826666666666654
1926,OCT,29.38,10,30.158333333333335,-0.778333333333336
1926,NOV,26.29,11,27.775666666666666,-1.485666666666667
1926,DEC,24.13,12,25.161333333333335,-1.031333333333336
1927,JAN,23.23,1,24.168,-0.9379999999999988
1927,FEB,24.28,2,26.28033333333333,-2.00033333333333
1927,MAR,28.09,3,29.62366666666667,-1.5336666666666687
1927,APR,31.5,4,32.41766666666667,-0.9176666666666691
1927,MAY,32.58,5,33.82633333333333,-1.2463333333333324
1927,JUN,32.33,6,33.011,-0.6810000000000045
1927,JUL,30.66,7,31.315333333333335,-0.6553333333333349
1927,AUG,29.92,8,30.858333333333334,-0.9383333333333326
1927,SEP,30.27,9,30.892666666666667,-0.6226666666666674
1927,OCT,29.55,10,30.158333333333335,-0.6083333333333343
1927,NOV,26.3,11,27.775666666666666,-1.4756666666666653
1927,DEC,24.33,12,25.161333333333335,-0.8313333333333368
1928,JAN,23.33,1,24.168,-0.838000000000001
1928,FEB,25.1,2,26.28033333333333,-1.18033333333333
1928,MAR,28.74,3,29.62366666666667,-0.8836666666666702
1928,APR,31.7,4,32.41766666666667,-0.7176666666666698
1928,MAY,34.1,5,33.82633333333333,0.2736666666666707
1928,JUN,32.73,6,33.011,-0.2810000000000059
1928,JUL,30.86,7,31.315333333333335,-0.4553333333333356
1928,AUG,30.52,8,30.858333333333334,-0.3383333333333347
1928,SEP,30.43,9,30.892666666666667,-0.4626666666666672
1928,OCT,29.8,10,30.158333333333335,-0.3583333333333343
1928,NOV,26.9,11,27.775666666666666,-0.8756666666666675
1928,DEC,23.5,12,25.161333333333335,-1.661333333333335
1929,JAN,23.05,1,24.168,-1.1179999999999986
1929,FEB,24.01,2,26.28033333333333,-2.2703333333333298
1929,MAR,29.88,3,29.62366666666667,0.2563333333333304
1929,APR,31.59,4,32.41766666666667,-0.8276666666666692
1929,MAY,33.68,5,33.82633333333333,-0.14633333333333098
1929,JUN,32.54,6,33.011,-0.47100000000000364
1929,JUL,30.81,7,31.315333333333335,-0.5053333333333363
1929,AUG,30.05,8,30.858333333333334,-0.8083333333333336
1929,SEP,30.73,9,30.892666666666667,-0.16266666666666652
1929,OCT,28.61,10,30.158333333333335,-1.5483333333333356
1929,NOV,27.19,11,27.775666666666666,-0.5856666666666648
1929,DEC,23.02,12,25.161333333333335,-2.1413333333333355
1930,JAN,22.6,1,24.168,-1.5679999999999978
1930,FEB,23.79,2,26.28033333333333,-2.490333333333332
1930,MAR,28.8,3,29.62366666666667,-0.8236666666666679
1930,APR,30.98,4,32.41766666666667,-1.4376666666666686
1930,MAY,33.03,5,33.82633333333333,-0.7963333333333296
1930,JUN,32.2,6,33.011,-0.8109999999999999
1930,JUL,30.81,7,31.315333333333335,-0.5053333333333363
1930,AUG,30.55,8,30.858333333333334,-0.30833333333333357
1930,SEP,30.37,9,30.892666666666667,-0.522666666666666
1930,OCT,29.22,10,30.158333333333335,-0.9383333333333361
1930,NOV,26.73,11,27.775666666666666,-1.0456666666666656
1930,DEC,24.73,12,25.161333333333335,-0.4313333333333347
1931,JAN,24.57,1,24.168,0.402000000000001
1931,FEB,24.54,2,26.28033333333333,-1.7403333333333322
1931,MAR,29.02,3,29.62366666666667,-0.603666666666669
1931,APR,32.65,4,32.41766666666667,0.2323333333333295
1931,MAY,33.46,5,33.82633333333333,-0.36633333333332985
1931,JUN,33.36,6,33.011,0.34899999999999665
1931,JUL,30.4,7,31.315333333333335,-0.9153333333333364
1931,AUG,30.7,8,30.858333333333334,-0.158333333333335
1931,SEP,30.16,9,30.892666666666667,-0.7326666666666668
1931,OCT,29.39,10,30.158333333333335,-0.7683333333333344
1931,NOV,26.94,11,27.775666666666666,-0.8356666666666648
1931,DEC,24.58,12,25.161333333333335,-0.5813333333333368
1932,JAN,24.13,1,24.168,-0.038000000000000256
1932,FEB,24.89,2,26.28033333333333,-1.3903333333333308
1932,MAR,28.82,3,29.62366666666667,-0.8036666666666683
1932,APR,32.08,4,32.41766666666667,-0.3376666666666708
1932,MAY,32.61,5,33.82633333333333,-1.2163333333333313
1932,JUN,32.91,6,33.011,-0.1010000000000062
1932,JUL,30.99,7,31.315333333333335,-0.3253333333333366
1932,AUG,30.34,8,30.858333333333334,-0.5183333333333344
1932,SEP,30.83,9,30.892666666666667,-0.06266666666666865
1932,OCT,29.68,10,30.158333333333335,-0.4783333333333353
1932,NOV,27.35,11,27.775666666666666,-0.42566666666666464
1932,DEC,24.52,12,25.161333333333335,-0.6413333333333355
1933,JAN,22.85,1,24.168,-1.3179999999999978
1933,FEB,25.38,2,26.28033333333333,-0.9003333333333323
1933,MAR,28.71,3,29.62366666666667,-0.9136666666666677
1933,APR,30.53,4,32.41766666666667,-1.887666666666668
1933,MAY,32.05,5,33.82633333333333,-1.7763333333333335
1933,JUN,32.04,6,33.011,-0.9710000000000036
1933,JUL,30.78,7,31.315333333333335,-0.5353333333333339
1933,AUG,29.31,8,30.858333333333334,-1.5483333333333356
1933,SEP,29.49,9,30.892666666666667,-1.4026666666666685
1933,OCT,28.98,10,30.158333333333335,-1.1783333333333346
1933,NOV,27.05,11,27.775666666666666,-0.7256666666666653
1933,DEC,24.73,12,25.161333333333335,-0.4313333333333347
1934,JAN,22.76,1,24.168,-1.4079999999999977
1934,FEB,26.29,2,26.28033333333333,0.009666666666667822
1934,MAR,28.61,3,29.62366666666667,-1.0136666666666692
1934,APR,31.95,4,32.41766666666667,-0.4676666666666698
1934,MAY,33.29,5,33.82633333333333,-0.5363333333333316
1934,JUN,32.67,6,33.011,-0.3410000000000011
1934,JUL,31.04,7,31.315333333333335,-0.2753333333333359
1934,AUG,30.1,8,30.858333333333334,-0.7583333333333329
1934,SEP,30.77,9,30.892666666666667,-0.12266666666666737
1934,OCT,29.75,10,30.158333333333335,-0.408333333333335
1934,NOV,26.77,11,27.775666666666666,-1.0056666666666665
1934,DEC,24.31,12,25.161333333333335,-0.8513333333333364
1935,JAN,22.28,1,24.168,-1.8879999999999981
1935,FEB,25.93,2,26.28033333333333,-0.3503333333333316
1935,MAR,29.09,3,29.62366666666667,-0.5336666666666687
1935,APR,30.24,4,32.41766666666667,-2.1776666666666706
1935,MAY,34.24,5,33.82633333333333,0.4136666666666713
1935,JUN,33.07,6,33.011,0.0589999999999975
1935,JUL,30.63,7,31.315333333333335,-0.685333333333336
1935,AUG,29.81,8,30.858333333333334,-1.0483333333333356
1935,SEP,29.89,9,30.892666666666667,-1.0026666666666664
1935,OCT,29.56,10,30.158333333333335,-0.5983333333333363
1935,NOV,26.88,11,27.775666666666666,-0.895666666666667
1935,DEC,24.2,12,25.161333333333335,-0.9613333333333358
1936,JAN,23.1,1,24.168,-1.0679999999999978
1936,FEB,25.11,2,26.28033333333333,-1.170333333333332
1936,MAR,28.07,3,29.62366666666667,-1.5536666666666683
1936,APR,31.52,4,32.41766666666667,-0.8976666666666695
1936,MAY,33.93,5,33.82633333333333,0.10366666666666902
1936,JUN,31.46,6,33.011,-1.551000000000002
1936,JUL,30.55,7,31.315333333333335,-0.7653333333333343
1936,AUG,30.32,8,30.858333333333334,-0.538333333333334
1936,SEP,30.4,9,30.892666666666667,-0.49266666666666836
1936,OCT,29.86,10,30.158333333333335,-0.29833333333333556
1936,NOV,26.47,11,27.775666666666666,-1.3056666666666672
1936,DEC,23.72,12,25.161333333333335,-1.4413333333333362
1937,JAN,23.34,1,24.168,-0.8279999999999994
1937,FEB,24.92,2,26.28033333333333,-1.3603333333333296
1937,MAR,28.06,3,29.62366666666667,-1.5636666666666699
1937,APR,30.96,4,32.41766666666667,-1.4576666666666682
1937,MAY,33.49,5,33.82633333333333,-0.3363333333333287
1937,JUN,33.17,6,33.011,0.15899999999999892
1937,JUL,30.37,7,31.315333333333335,-0.945333333333334
1937,AUG,30.76,8,30.858333333333334,-0.09833333333333272
1937,SEP,30.56,9,30.892666666666667,-0.3326666666666682
1937,OCT,28.83,10,30.158333333333335,-1.3283333333333367
1937,NOV,26.69,11,27.775666666666666,-1.0856666666666648
1937,DEC,23.27,12,25.161333333333335,-1.8913333333333355
1938,JAN,22.95,1,24.168,-1.218
1938,FEB,23.68,2,26.28033333333333,-2.6003333333333316
1938,MAR,28.9,3,29.62366666666667,-0.72366666666667
1938,APR,32.33,4,32.41766666666667,-0.08766666666667078
1938,MAY,33.99,5,33.82633333333333,0.1636666666666713
1938,JUN,31.1,6,33.011,-1.9110000000000014
1938,JUL,30.69,7,31.315333333333335,-0.6253333333333337
1938,AUG,30.24,8,30.858333333333334,-0.6183333333333358
1938,SEP,30.33,9,30.892666666666667,-0.5626666666666686
1938,OCT,29.35,10,30.158333333333335,-0.8083333333333336
1938,NOV,26.45,11,27.775666666666666,-1.3256666666666668
1938,DEC,24.34,12,25.161333333333335,-0.8213333333333352
1939,JAN,23.61,1,24.168,-0.5579999999999998
1939,FEB,24.89,2,26.28033333333333,-1.3903333333333308
1939,MAR,27.34,3,29.62366666666667,-2.2836666666666687
1939,APR,31.03,4,32.41766666666667,-1.387666666666668
1939,MAY,33.97,5,33.82633333333333,0.14366666666666816
1939,JUN,32.51,6,33.011,-0.5010000000000048
1939,JUL,30.73,7,31.315333333333335,-0.5853333333333346
1939,AUG,30.47,8,30.858333333333334,-0.3883333333333354
1939,SEP,30.54,9,30.892666666666667,-0.3526666666666678
1939,OCT,29.36,10,30.158333333333335,-0.7983333333333356
1939,NOV,26.94,11,27.775666666666666,-0.8356666666666648
1939,DEC,24.85,12,25.161333333333335,-0.3113333333333337
1940,JAN,23.79,1,24.168,-0.3780000000000001
1940,FEB,25.12,2,26.28033333333333,-1.1603333333333303
1940,MAR,27.31,3,29.62366666666667,-2.31366666666667
1940,APR,31.38,4,32.41766666666667,-1.03766666666667
1940,MAY,33.29,5,33.82633333333333,-0.5363333333333316
1940,JUN,32.48,6,33.011,-0.5310000000000059
1940,JUL,30.92,7,31.315333333333335,-0.3953333333333333
1940,AUG,29.96,8,30.858333333333334,-0.8983333333333334
1940,SEP,30.51,9,30.892666666666667,-0.3826666666666654
1940,OCT,29.97,10,30.158333333333335,-0.18833333333333613
1940,NOV,27.47,11,27.775666666666666,-0.3056666666666672
1940,DEC,24.4,12,25.161333333333335,-0.7613333333333365
1941,JAN,23.18,1,24.168,-0.9879999999999995
1941,FEB,25.79,2,26.28033333333333,-0.4903333333333322
1941,MAR,29.83,3,29.62366666666667,0.2063333333333297
1941,APR,32.8,4,32.41766666666667,0.3823333333333281
1941,MAY,33.84,5,33.82633333333333,0.013666666666672711
1941,JUN,32.79,6,33.011,-0.22100000000000364
1941,JUL,31.29,7,31.315333333333335,-0.025333333333335872
1941,AUG,31.12,8,30.858333333333334,0.2616666666666667
1941,SEP,30.3,9,30.892666666666667,-0.5926666666666662
1941,OCT,30.52,10,30.158333333333335,0.3616666666666646
1941,NOV,27.35,11,27.775666666666666,-0.42566666666666464
1941,DEC,24.98,12,25.161333333333335,-0.18133333333333468
1942,JAN,22.99,1,24.168,-1.1780000000000008
1942,FEB,25.07,2,26.28033333333333,-1.210333333333331
1942,MAR,29.59,3,29.62366666666667,-0.03366666666666873
1942,APR,31.98,4,32.41766666666667,-0.43766666666666865
1942,MAY,33.82,5,33.82633333333333,-0.006333333333330415
1942,JUN,33.31,6,33.011,0.2989999999999995
1942,JUL,30.71,7,31.315333333333335,-0.6053333333333342
1942,AUG,29.96,8,30.858333333333334,-0.8983333333333334
1942,SEP,29.99,9,30.892666666666667,-0.9026666666666685
1942,OCT,30.03,10,30.158333333333335,-0.12833333333333385
1942,NOV,27.78,11,27.775666666666666,0.0043333333333350765
1942,DEC,23.88,12,25.161333333333335,-1.281333333333336
1943,JAN,22.97,1,24.168,-1.1980000000000004
1943,FEB,25.12,2,26.28033333333333,-1.1603333333333303
1943,MAR,29.06,3,29.62366666666667,-0.5636666666666699
1943,APR,30.75,4,32.41766666666667,-1.667666666666669
1943,MAY,32.68,5,33.82633333333333,-1.146333333333331
1943,JUN,32.17,6,33.011,-0.8410000000000011
1943,JUL,30.84,7,31.315333333333335,-0.47533333333333516
1943,AUG,30.15,8,30.858333333333334,-0.7083333333333357
1943,SEP,30.2,9,30.892666666666667,-0.6926666666666677
1943,OCT,29.43,10,30.158333333333335,-0.7283333333333353
1943,NOV,27.69,11,27.775666666666666,-0.08566666666666478
1943,DEC,24.88,12,25.161333333333335,-0.2813333333333361
1944,JAN,23.17,1,24.168,-0.9979999999999976
1944,FEB,24.07,2,26.28033333333333,-2.210333333333331
1944,MAR,27.94,3,29.62366666666667,-1.6836666666666673
1944,APR,30.93,4,32.41766666666667,-1.4876666666666694
1944,MAY,34.23,5,33.82633333333333,0.4036666666666662
1944,JUN,33.05,6,33.011,0.03899999999999437
1944,JUL,30.9,7,31.315333333333335,-0.41533333333333644
1944,AUG,30.67,8,30.858333333333334,-0.18833333333333258
1944,SEP,30.33,9,30.892666666666667,-0.5626666666666686
1944,OCT,29.82,10,30.158333333333335,-0.3383333333333347
1944,NOV,27.0,11,27.775666666666666,-0.7756666666666661
1944,DEC,24.69,12,25.161333333333335,-0.4713333333333338
1945,JAN,22.38,1,24.168,-1.7880000000000003
1945,FEB,25.33,2,26.28033333333333,-0.950333333333333
1945,MAR,29.11,3,29.62366666666667,-0.5136666666666692
1945,APR,30.89,4,32.41766666666667,-1.5276666666666685
1945,MAY,33.61,5,33.82633333333333,-0.21633333333333127
1945,JUN,33.63,6,33.011,0.6189999999999998
1945,JUL,31.08,7,31.315333333333335,-0.23533333333333672
1945,AUG,30.66,8,30.858333333333334,-0.19833333333333414
1945,SEP,30.55,9,30.892666666666667,-0.34266666666666623
1945,OCT,29.42,10,30.158333333333335,-0.7383333333333333
1945,NOV,27.08,11,27.775666666666666,-0.6956666666666678
1945,DEC,23.96,12,25.161333333333335,-1.2013333333333343
1946,JAN,24.41,1,24.168,0.24200000000000088
1946,FEB,26.56,2,26.28033333333333,0.2796666666666674
1946,MAR,28.7,3,29.62366666666667,-0.9236666666666693
1946,APR,32.19,4,32.41766666666667,-0.22766666666667135
1946,MAY,33.61,5,33.82633333333333,-0.21633333333333127
1946,JUN,32.43,6,33.011,-0.5810000000000031
1946,JUL,31.13,7,31.315333333333335,-0.18533333333333601
1946,AUG,30.6,8,30.858333333333334,-0.25833333333333286
1946,SEP,30.76,9,30.892666666666667,-0.13266666666666538
1946,OCT,29.98,10,30.158333333333335,-0.17833333333333456
1946,NOV,26.85,11,27.775666666666666,-0.9256666666666646
1946,DEC,25.02,12,25.161333333333335,-0.14133333333333553
1947,JAN,22.61,1,24.168,-1.5579999999999998
1947,FEB,25.37,2,26.28033333333333,-0.9103333333333303
1947,MAR,29.04,3,29.62366666666667,-0.5836666666666694
1947,APR,32.28,4,32.41766666666667,-0.13766666666666794
1947,MAY,34.02,5,33.82633333333333,0.19366666666667243
1947,JUN,33.3,6,33.011,0.2889999999999944
1947,JUL,31.1,7,31.315333333333335,-0.2153333333333336
1947,AUG,30.61,8,30.858333333333334,-0.24833333333333485
1947,SEP,29.7,9,30.892666666666667,-1.1926666666666677
1947,OCT,29.23,10,30.158333333333335,-0.9283333333333346
1947,NOV,27.71,11,27.775666666666666,-0.06566666666666521
1947,DEC,24.31,12,25.161333333333335,-0.8513333333333364
1948,JAN,22.87,1,24.168,-1.2979999999999983
1948,FEB,24.33,2,26.28033333333333,-1.950333333333333
1948,MAR,28.11,3,29.62366666666667,-1.5136666666666692
1948,APR,31.93,4,32.41766666666667,-0.48766666666666936
1948,MAY,33.77,5,33.82633333333333,-0.05633333333332757
1948,JUN,32.43,6,33.011,-0.5810000000000031
1948,JUL,30.6,7,31.315333333333335,-0.7153333333333336
1948,AUG,29.96,8,30.858333333333334,-0.8983333333333334
1948,SEP,30.32,9,30.892666666666667,-0.5726666666666667
1948,OCT,29.58,10,30.158333333333335,-0.5783333333333367
1948,NOV,26.79,11,27.775666666666666,-0.9856666666666669
1948,DEC,23.93,12,25.161333333333335,-1.2313333333333354
1949,JAN,24.31,1,24.168,0.14199999999999946
1949,FEB,24.68,2,26.28033333333333,-1.6003333333333316
1949,MAR,28.89,3,29.62366666666667,-0.733666666666668
1949,APR,31.85,4,32.41766666666667,-0.5676666666666677
1949,MAY,33.08,5,33.82633333333333,-0.7463333333333324
1949,JUN,32.04,6,33.011,-0.9710000000000036
1949,JUL,30.74,7,31.315333333333335,-0.5753333333333366
1949,AUG,30.36,8,30.858333333333334,-0.49833333333333485
1949,SEP,30.36,9,30.892666666666667,-0.5326666666666675
1949,OCT,29.5,10,30.158333333333335,-0.658333333333335
1949,NOV,26.67,11,27.775666666666666,-1.1056666666666644
1949,DEC,24.21,12,25.161333333333335,-0.9513333333333343
1950,JAN,23.56,1,24.168,-0.6080000000000005
1950,FEB,24.48,2,26.28033333333333,-1.800333333333331
1950,MAR,27.78,3,29.62366666666667,-1.8436666666666675
1950,APR,31.16,4,32.41766666666667,-1.257666666666669
1950,MAY,33.22,5,33.82633333333333,-0.6063333333333318
1950,JUN,32.35,6,33.011,-0.6610000000000014
1950,JUL,30.35,7,31.315333333333335,-0.9653333333333336
1950,AUG,30.01,8,30.858333333333334,-0.8483333333333327
1950,SEP,29.22,9,30.892666666666667,-1.672666666666668
1950,OCT,28.96,10,30.158333333333335,-1.1983333333333341
1950,NOV,26.79,11,27.775666666666666,-0.9856666666666669
1950,DEC,24.0,12,25.161333333333335,-1.161333333333335
1951,JAN,24.36,1,24.168,0.19200000000000017
1951,FEB,25.16,2,26.28033333333333,-1.1203333333333312
1951,MAR,28.66,3,29.62366666666667,-0.9636666666666684
1951,APR,30.3,4,32.41766666666667,-2.1176666666666684
1951,MAY,33.03,5,33.82633333333333,-0.7963333333333296
1951,JUN,32.03,6,33.011,-0.9810000000000016
1951,JUL,30.95,7,31.315333333333335,-0.36533333333333573
1951,AUG,30.52,8,30.858333333333334,-0.3383333333333347
1951,SEP,31.03,9,30.892666666666667,0.1373333333333342
1951,OCT,30.53,10,30.158333333333335,0.37166666666666615
1951,NOV,27.66,11,27.775666666666666,-0.11566666666666592
1951,DEC,25.13,12,25.161333333333335,-0.0313333333333361
1952,JAN,23.91,1,24.168,-0.2579999999999991
1952,FEB,26.43,2,26.28033333333333,0.1496666666666684
1952,MAR,28.0,3,29.62366666666667,-1.6236666666666686
1952,APR,32.22,4,32.41766666666667,-0.1976666666666702
1952,MAY,33.18,5,33.82633333333333,-0.646333333333331
1952,JUN,32.65,6,33.011,-0.3610000000000042
1952,JUL,30.85,7,31.315333333333335,-0.4653333333333336
1952,AUG,30.14,8,30.858333333333334,-0.7183333333333337
1952,SEP,30.78,9,30.892666666666667,-0.1126666666666658
1952,OCT,29.78,10,30.158333333333335,-0.37833333333333385
1952,NOV,27.36,11,27.775666666666666,-0.41566666666666663
1952,DEC,24.65,12,25.161333333333335,-0.5113333333333365
1953,JAN,22.96,1,24.168,-1.2079999999999984
1953,FEB,26.51,2,26.28033333333333,0.22966666666667024
1953,MAR,30.51,3,29.62366666666667,0.886333333333333
1953,APR,32.1,4,32.41766666666667,-0.31766666666666765
1953,MAY,34.07,5,33.82633333333333,0.24366666666666958
1953,JUN,33.26,6,33.011,0.24899999999999523
1953,JUL,30.87,7,31.315333333333335,-0.445333333333334
1953,AUG,30.27,8,30.858333333333334,-0.5883333333333347
1953,SEP,30.11,9,30.892666666666667,-0.7826666666666675
1953,OCT,29.79,10,30.158333333333335,-0.36833333333333584
1953,NOV,27.19,11,27.775666666666666,-0.5856666666666648
1953,DEC,25.67,12,25.161333333333335,0.5086666666666666
1954,JAN,22.79,1,24.168,-1.3780000000000001
1954,FEB,25.61,2,26.28033333333333,-0.6703333333333319
1954,MAR,29.29,3,29.62366666666667,-0.33366666666666944
1954,APR,32.47,4,32.41766666666667,0.05233333333332979
1954,MAY,33.9,5,33.82633333333333,0.07366666666666788
1954,JUN,32.58,6,33.011,-0.4310000000000045
1954,JUL,30.62,7,31.315333333333335,-0.695333333333334
1954,AUG,30.54,8,30.858333333333334,-0.31833333333333513
1954,SEP,29.87,9,30.892666666666667,-1.022666666666666
1954,OCT,28.24,10,30.158333333333335,-1.9183333333333366
1954,NOV,26.74,11,27.775666666666666,-1.0356666666666676
1954,DEC,24.42,12,25.161333333333335,-0.7413333333333334
1955,JAN,23.46,1,24.168,-0.7079999999999984
1955,FEB,26.34,2,26.28033333333333,0.05966666666666853
1955,MAR,29.4,3,29.62366666666667,-0.22366666666667
1955,APR,31.12,4,32.41766666666667,-1.297666666666668
1955,MAY,32.12,5,33.82633333333333,-1.7063333333333333
1955,JUN,32.34,6,33.011,-0.6709999999999994
1955,JUL,30.74,7,31.315333333333335,-0.5753333333333366
1955,AUG,29.8,8,30.858333333333334,-1.0583333333333336
1955,SEP,30.0,9,30.892666666666667,-0.8926666666666669
1955,OCT,28.6,10,30.158333333333335,-1.5583333333333336
1955,NOV,26.88,11,27.775666666666666,-0.895666666666667
1955,DEC,24.28,12,25.161333333333335,-0.881333333333334
1956,JAN,23.16,1,24.168,-1.0079999999999991
1956,FEB,25.66,2,26.28033333333333,-0.6203333333333312
1956,MAR,28.83,3,29.62366666666667,-0.7936666666666703
1956,APR,32.04,4,32.41766666666667,-0.3776666666666699
1956,MAY,33.66,5,33.82633333333333,-0.1663333333333341
1956,JUN,31.46,6,33.011,-1.551000000000002
1956,JUL,29.76,7,31.315333333333335,-1.5553333333333335
1956,AUG,29.52,8,30.858333333333334,-1.3383333333333347
1956,SEP,30.29,9,30.892666666666667,-0.6026666666666678
1956,OCT,28.26,10,30.158333333333335,-1.8983333333333334
1956,NOV,26.55,11,27.775666666666666,-1.2256666666666653
1956,DEC,24.3,12,25.161333333333335,-0.8613333333333344
1957,JAN,22.98,1,24.168,-1.1879999999999988
1957,FEB,24.75,2,26.28033333333333,-1.5303333333333313
1957,MAR,27.78,3,29.62366666666667,-1.8436666666666675
1957,APR,30.91,4,32.41766666666667,-1.507666666666669
1957,MAY,32.58,5,33.82633333333333,-1.2463333333333324
1957,JUN,32.5,6,33.011,-0.5110000000000028
1957,JUL,31.04,7,31.315333333333335,-0.2753333333333359
1957,AUG,30.18,8,30.858333333333334,-0.6783333333333346
1957,SEP,30.56,9,30.892666666666667,-0.3326666666666682
1957,OCT,29.12,10,30.158333333333335,-1.038333333333334
1957,NOV,26.82,11,27.775666666666666,-0.9556666666666658
1957,DEC,24.52,12,25.161333333333335,-0.6413333333333355
1958,JAN,24.75,1,24.168,0.5820000000000007
1958,FEB,26.12,2,26.28033333333333,-0.16033333333333033
1958,MAR,29.61,3,29.62366666666667,-0.013666666666669158
1958,APR,32.51,4,32.41766666666667,0.09233333333332894
1958,MAY,33.11,5,33.82633333333333,-0.7163333333333313
1958,JUN,33.72,6,33.011,0.7089999999999961
1958,JUL,30.99,7,31.315333333333335,-0.3253333333333366
1958,AUG,30.18,8,30.858333333333334,-0.6783333333333346
1958,SEP,30.02,9,30.892666666666667,-0.8726666666666674
1958,OCT,29.23,10,30.158333333333335,-0.9283333333333346
1958,NOV,27.14,11,27.775666666666666,-0.6356666666666655
1958,DEC,24.66,12,25.161333333333335,-0.501333333333335
1959,JAN,23.33,1,24.168,-0.838000000000001
1959,FEB,24.76,2,26.28033333333333,-1.5203333333333298
1959,MAR,29.51,3,29.62366666666667,-0.11366666666666703
1959,APR,32.33,4,32.41766666666667,-0.08766666666667078
1959,MAY,33.3,5,33.82633333333333,-0.5263333333333335
1959,JUN,32.88,6,33.011,-0.13100000000000023
1959,JUL,30.28,7,31.315333333333335,-1.0353333333333339
1959,AUG,30.42,8,30.858333333333334,-0.4383333333333326
1959,SEP,30.39,9,30.892666666666667,-0.5026666666666664
1959,OCT,29.45,10,30.158333333333335,-0.7083333333333357
1959,NOV,26.65,11,27.775666666666666,-1.1256666666666675
1959,DEC,25.0,12,25.161333333333335,-0.1613333333333351
1960,JAN,23.78,1,24.168,-0.3879999999999981
1960,FEB,27.19,2,26.28033333333333,0.90966666666667
1960,MAR,28.04,3,29.62366666666667,-1.5836666666666694
1960,APR,31.9,4,32.41766666666667,-0.5176666666666705
1960,MAY,33.57,5,33.82633333333333,-0.2563333333333304
1960,JUN,33.17,6,33.011,0.15899999999999892
1960,JUL,30.86,7,31.315333333333335,-0.4553333333333356
1960,AUG,30.7,8,30.858333333333334,-0.158333333333335
1960,SEP,30.45,9,30.892666666666667,-0.44266666666666765
1960,OCT,29.9,10,30.158333333333335,-0.2583333333333364
1960,NOV,26.92,11,27.775666666666666,-0.8556666666666644
1960,DEC,25.24,12,25.161333333333335,0.07866666666666333
1961,JAN,24.14,1,24.168,-0.027999999999998693
1961,FEB,24.22,2,26.28033333333333,-2.0603333333333325
1961,MAR,29.49,3,29.62366666666667,-0.13366666666667015
1961,APR,31.8,4,32.41766666666667,-0.6176666666666684
1961,MAY,33.11,5,33.82633333333333,-0.7163333333333313
1961,JUN,31.98,6,33.011,-1.0310000000000024
1961,JUL,30.49,7,31.315333333333335,-0.8253333333333366
1961,AUG,30.29,8,30.858333333333334,-0.5683333333333351
1961,SEP,30.23,9,30.892666666666667,-0.6626666666666665
1961,OCT,29.08,10,30.158333333333335,-1.0783333333333367
1961,NOV,26.23,11,27.775666666666666,-1.5456666666666656
1961,DEC,23.6,12,25.161333333333335,-1.5613333333333337
1962,JAN,22.89,1,24.168,-1.2779999999999987
1962,FEB,25.59,2,26.28033333333333,-0.6903333333333315
1962,MAR,29.1,3,29.62366666666667,-0.5236666666666672
1962,APR,31.76,4,32.41766666666667,-0.6576666666666675
1962,MAY,33.08,5,33.82633333333333,-0.7463333333333324
1962,JUN,32.82,6,33.011,-0.1910000000000025
1962,JUL,31.3,7,31.315333333333335,-0.01533333333333431
1962,AUG,30.47,8,30.858333333333334,-0.3883333333333354
1962,SEP,29.71,9,30.892666666666667,-1.182666666666666
1962,OCT,29.14,10,30.158333333333335,-1.0183333333333344
1962,NOV,26.9,11,27.775666666666666,-0.8756666666666675
1962,DEC,23.9,12,25.161333333333335,-1.2613333333333365
1963,JAN,22.9,1,24.168,-1.2680000000000007
1963,FEB,26.56,2,26.28033333333333,0.2796666666666674
1963,MAR,28.95,3,29.62366666666667,-0.6736666666666693
1963,APR,30.99,4,32.41766666666667,-1.4276666666666706
1963,MAY,32.89,5,33.82633333333333,-0.9363333333333301
1963,JUN,32.9,6,33.011,-0.1110000000000042
1963,JUL,31.37,7,31.315333333333335,0.054666666666665975
1963,AUG,30.36,8,30.858333333333334,-0.49833333333333485
1963,SEP,30.51,9,30.892666666666667,-0.3826666666666654
1963,OCT,29.85,10,30.158333333333335,-0.30833333333333357
1963,NOV,26.83,11,27.775666666666666,-0.9456666666666678
1963,DEC,24.33,12,25.161333333333335,-0.8313333333333368
1964,JAN,23.06,1,24.168,-1.1080000000000005
1964,FEB,25.51,2,26.28033333333333,-0.7703333333333298
1964,MAR,30.12,3,29.62366666666667,0.4963333333333324
1964,APR,32.12,4,32.41766666666667,-0.29766666666667163
1964,MAY,33.44,5,33.82633333333333,-0.386333333333333
1964,JUN,32.53,6,33.011,-0.48100000000000165
1964,JUL,30.38,7,31.315333333333335,-0.935333333333336
1964,AUG,30.37,8,30.858333333333334,-0.4883333333333333
1964,SEP,29.99,9,30.892666666666667,-0.9026666666666685
1964,OCT,30.07,10,30.158333333333335,-0.08833333333333471
1964,NOV,27.13,11,27.775666666666666,-0.645666666666667
1964,DEC,24.39,12,25.161333333333335,-0.7713333333333345
1965,JAN,23.82,1,24.168,-0.347999999999999
1965,FEB,25.53,2,26.28033333333333,-0.7503333333333302
1965,MAR,28.74,3,29.62366666666667,-0.8836666666666702
1965,APR,30.6,4,32.41766666666667,-1.8176666666666677
1965,MAY,32.86,5,33.82633333333333,-0.9663333333333313
1965,JUN,33.25,6,33.011,0.23899999999999721
1965,JUL,31.0,7,31.315333333333335,-0.315333333333335
1965,AUG,30.39,8,30.858333333333334,-0.4683333333333337
1965,SEP,30.84,9,30.892666666666667,-0.052666666666667084
1965,OCT,30.32,10,30.158333333333335,0.1616666666666653
1965,NOV,27.84,11,27.775666666666666,0.0643333333333338
1965,DEC,24.68,12,25.161333333333335,-0.4813333333333354
1966,JAN,24.11,1,24.168,-0.05799999999999983
1966,FEB,26.97,2,26.28033333333333,0.6896666666666675
1966,MAR,29.45,3,29.62366666666667,-0.1736666666666693
1966,APR,31.95,4,32.41766666666667,-0.4676666666666698
1966,MAY,33.66,5,33.82633333333333,-0.1663333333333341
1966,JUN,32.67,6,33.011,-0.3410000000000011
1966,JUL,31.25,7,31.315333333333335,-0.06533333333333502
1966,AUG,30.77,8,30.858333333333334,-0.08833333333333471
1966,SEP,30.25,9,30.892666666666667,-0.6426666666666669
1966,OCT,29.68,10,30.158333333333335,-0.4783333333333353
1966,NOV,27.41,11,27.775666666666666,-0.3656666666666659
1966,DEC,24.7,12,25.161333333333335,-0.4613333333333358
1967,JAN,23.72,1,24.168,-0.4480000000000004
1967,FEB,26.9,2,26.28033333333333,0.6196666666666673
1967,MAR,28.21,3,29.62366666666667,-1.4136666666666677
1967,APR,31.7,4,32.41766666666667,-0.7176666666666698
1967,MAY,33.22,5,33.82633333333333,-0.6063333333333318
1967,JUN,33.15,6,33.011,0.1389999999999958
1967,JUL,31.15,7,31.315333333333335,-0.16533333333333644
1967,AUG,30.35,8,30.858333333333334,-0.5083333333333329
1967,SEP,30.64,9,30.892666666666667,-0.2526666666666664
1967,OCT,29.48,10,30.158333333333335,-0.6783333333333346
1967,NOV,27.11,11,27.775666666666666,-0.6656666666666666
1967,DEC,24.1,12,25.161333333333335,-1.0613333333333337
1968,JAN,22.67,1,24.168,-1.4979999999999976
1968,FEB,24.69,2,26.28033333333333,-1.59033333333333
1968,MAR,29.0,3,29.62366666666667,-0.6236666666666686
1968,APR,31.59,4,32.41766666666667,-0.8276666666666692
1968,MAY,33.14,5,33.82633333333333,-0.6863333333333301
1968,JUN,33.1,6,33.011,0.08899999999999864
1968,JUL,30.94,7,31.315333333333335,-0.37533333333333374
1968,AUG,30.8,8,30.858333333333334,-0.05833333333333357
1968,SEP,31.35,9,30.892666666666667,0.4573333333333345
1968,OCT,29.55,10,30.158333333333335,-0.6083333333333343
1968,NOV,27.24,11,27.775666666666666,-0.5356666666666676
1968,DEC,24.79,12,25.161333333333335,-0.37133333333333596
1969,JAN,23.78,1,24.168,-0.3879999999999981
1969,FEB,26.19,2,26.28033333333333,-0.09033333333333005
1969,MAR,30.55,3,29.62366666666667,0.9263333333333321
1969,APR,32.4,4,32.41766666666667,-0.017666666666670494
1969,MAY,33.1,5,33.82633333333333,-0.7263333333333293
1969,JUN,33.41,6,33.011,0.3989999999999938
1969,JUL,31.33,7,31.315333333333335,0.014666666666663275
1969,AUG,30.8,8,30.858333333333334,-0.05833333333333357
1969,SEP,30.66,9,30.892666666666667,-0.2326666666666668
1969,OCT,30.13,10,30.158333333333335,-0.028333333333335986
1969,NOV,27.73,11,27.775666666666666,-0.045666666666665634
1969,DEC,25.27,12,25.161333333333335,0.10866666666666447
1970,JAN,24.19,1,24.168,0.022000000000002018
1970,FEB,26.19,2,26.28033333333333,-0.09033333333333005
1970,MAR,28.9,3,29.62366666666667,-0.72366666666667
1970,APR,32.98,4,32.41766666666667,0.5623333333333278
1970,MAY,34.22,5,33.82633333333333,0.39366666666666816
1970,JUN,32.33,6,33.011,-0.6810000000000045
1970,JUL,31.3,7,31.315333333333335,-0.01533333333333431
1970,AUG,30.59,8,30.858333333333334,-0.2683333333333344
1970,SEP,30.41,9,30.892666666666667,-0.4826666666666668
1970,OCT,29.89,10,30.158333333333335,-0.2683333333333344
1970,NOV,27.55,11,27.775666666666666,-0.22566666666666535
1970,DEC,25.07,12,25.161333333333335,-0.09133333333333482
1971,JAN,23.91,1,24.168,-0.2579999999999991
1971,FEB,26.08,2,26.28033333333333,-0.20033333333333303
1971,MAR,29.66,3,29.62366666666667,0.03633333333333155
1971,APR,32.19,4,32.41766666666667,-0.22766666666667135
1971,MAY,32.88,5,33.82633333333333,-0.9463333333333281
1971,JUN,31.74,6,33.011,-1.2710000000000043
1971,JUL,30.79,7,31.315333333333335,-0.5253333333333359
1971,AUG,30.38,8,30.858333333333334,-0.4783333333333353
1971,SEP,30.71,9,30.892666666666667,-0.1826666666666661
1971,OCT,29.61,10,30.158333333333335,-0.5483333333333356
1971,NOV,27.2,11,27.775666666666666,-0.5756666666666668
1971,DEC,24.7,12,25.161333333333335,-0.4613333333333358
1972,JAN,24.46,1,24.168,0.2920000000000016
1972,FEB,24.53,2,26.28033333333333,-1.7503333333333302
1972,MAR,29.52,3,29.62366666666667,-0.10366666666666902
1972,APR,31.46,4,32.41766666666667,-0.9576666666666682
1972,MAY,33.48,5,33.82633333333333,-0.3463333333333338
1972,JUN,33.74,6,33.011,0.7289999999999992
1972,JUL,31.43,7,31.315333333333335,0.1146666666666647
1972,AUG,30.6,8,30.858333333333334,-0.25833333333333286
1972,SEP,30.92,9,30.892666666666667,0.027333333333334764
1972,OCT,29.48,10,30.158333333333335,-0.6783333333333346
1972,NOV,27.52,11,27.775666666666666,-0.2556666666666665
1972,DEC,24.65,12,25.161333333333335,-0.5113333333333365
1973,JAN,24.02,1,24.168,-0.1479999999999997
1973,FEB,26.67,2,26.28033333333333,0.3896666666666704
1973,MAR,29.26,3,29.62366666666667,-0.363666666666667
1973,APR,33.3,4,32.41766666666667,0.8823333333333281
1973,MAY,34.01,5,33.82633333333333,0.1836666666666673
1973,JUN,33.05,6,33.011,0.03899999999999437
1973,JUL,31.34,7,31.315333333333335,0.024666666666664838
1973,AUG,30.15,8,30.858333333333334,-0.7083333333333357
1973,SEP,30.57,9,30.892666666666667,-0.32266666666666666
1973,OCT,29.41,10,30.158333333333335,-0.7483333333333348
1973,NOV,27.38,11,27.775666666666666,-0.39566666666666706
1973,DEC,24.12,12,25.161333333333335,-1.041333333333334
1974,JAN,23.54,1,24.168,-0.6280000000000001
1974,FEB,25.14,2,26.28033333333333,-1.1403333333333308
1974,MAR,29.94,3,29.62366666666667,0.3163333333333327
1974,APR,32.68,4,32.41766666666667,0.26233333333333064
1974,MAY,33.16,5,33.82633333333333,-0.6663333333333341
1974,JUN,32.7,6,33.011,-0.31099999999999994
1974,JUL,31.07,7,31.315333333333335,-0.24533333333333474
1974,AUG,30.94,8,30.858333333333334,0.081666666666667
1974,SEP,30.87,9,30.892666666666667,-0.022666666666665947
1974,OCT,29.96,10,30.158333333333335,-0.19833333333333414
1974,NOV,27.49,11,27.775666666666666,-0.2856666666666676
1974,DEC,23.63,12,25.161333333333335,-1.531333333333336
1975,JAN,23.15,1,24.168,-1.0180000000000007
1975,FEB,25.09,2,26.28033333333333,-1.1903333333333315
1975,MAR,28.67,3,29.62366666666667,-0.9536666666666669
1975,APR,32.36,4,32.41766666666667,-0.05766666666666964
1975,MAY,33.82,5,33.82633333333333,-0.006333333333330415
1975,JUN,32.46,6,33.011,-0.5510000000000019
1975,JUL,30.34,7,31.315333333333335,-0.9753333333333352
1975,AUG,30.21,8,30.858333333333334,-0.6483333333333334
1975,SEP,29.62,9,30.892666666666667,-1.272666666666666
1975,OCT,29.62,10,30.158333333333335,-0.538333333333334
1975,NOV,26.7,11,27.775666666666666,-1.0756666666666668
1975,DEC,24.66,12,25.161333333333335,-0.501333333333335
1976,JAN,23.91,1,24.168,-0.2579999999999991
1976,FEB,25.31,2,26.28033333333333,-0.9703333333333326
1976,MAR,29.04,3,29.62366666666667,-0.5836666666666694
1976,APR,31.71,4,32.41766666666667,-0.7076666666666682
1976,MAY,33.58,5,33.82633333333333,-0.2463333333333324
1976,JUN,32.7,6,33.011,-0.31099999999999994
1976,JUL,31.41,7,31.315333333333335,0.09466666666666512
1976,AUG,29.8,8,30.858333333333334,-1.0583333333333336
1976,SEP,30.45,9,30.892666666666667,-0.44266666666666765
1976,OCT,30.35,10,30.158333333333335,0.19166666666666643
1976,NOV,27.88,11,27.775666666666666,0.10433333333333294
1976,DEC,25.06,12,25.161333333333335,-0.10133333333333638
1977,JAN,23.98,1,24.168,-0.18799999999999883
1977,FEB,26.31,2,26.28033333333333,0.029666666666667396
1977,MAR,30.79,3,29.62366666666667,1.1663333333333306
1977,APR,31.7,4,32.41766666666667,-0.7176666666666698
1977,MAY,32.45,5,33.82633333333333,-1.3763333333333279
1977,JUN,32.69,6,33.011,-0.32100000000000506
1977,JUL,30.9,7,31.315333333333335,-0.41533333333333644
1977,AUG,30.64,8,30.858333333333334,-0.2183333333333337
1977,SEP,30.65,9,30.892666666666667,-0.24266666666666836
1977,OCT,30.07,10,30.158333333333335,-0.08833333333333471
1977,NOV,27.82,11,27.775666666666666,0.044333333333334224
1977,DEC,24.88,12,25.161333333333335,-0.2813333333333361
1978,JAN,23.6,1,24.168,-0.5679999999999978
1978,FEB,25.12,2,26.28033333333333,-1.1603333333333303
1978,MAR,28.0,3,29.62366666666667,-1.6236666666666686
1978,APR,32.23,4,32.41766666666667,-0.1876666666666722
1978,MAY,34.49,5,33.82633333333333,0.6636666666666713
1978,JUN,32.94,6,33.011,-0.07100000000000506
1978,JUL,30.48,7,31.315333333333335,-0.8353333333333346
1978,AUG,30.4,8,30.858333333333334,-0.4583333333333357
1978,SEP,30.6,9,30.892666666666667,-0.2926666666666655
1978,OCT,30.43,10,30.158333333333335,0.2716666666666647
1978,NOV,27.29,11,27.775666666666666,-0.4856666666666669
1978,DEC,25.21,12,25.161333333333335,0.04866666666666575
1979,JAN,24.6,1,24.168,0.43200000000000216
1979,FEB,25.39,2,26.28033333333333,-0.8903333333333308
1979,MAR,28.62,3,29.62366666666667,-1.0036666666666676
1979,APR,33.11,4,32.41766666666667,0.6923333333333304
1979,MAY,33.36,5,33.82633333333333,-0.46633333333333127
1979,JUN,33.78,6,33.011,0.7689999999999984
1979,JUL,31.67,7,31.315333333333335,0.3546666666666667
1979,AUG,31.16,8,30.858333333333334,0.30166666666666586
1979,SEP,30.88,9,30.892666666666667,-0.012666666666667936
1979,OCT,30.49,10,30.158333333333335,0.33166666666666345
1979,NOV,27.67,11,27.775666666666666,-0.10566666666666436
1979,DEC,24.85,12,25.161333333333335,-0.3113333333333337
1980,JAN,24.35,1,24.168,0.18200000000000216
1980,FEB,26.07,2,26.28033333333333,-0.21033333333333104
1980,MAR,28.79,3,29.62366666666667,-0.8336666666666694
1980,APR,33.36,4,32.41766666666667,0.9423333333333304
1980,MAY,34.44,5,33.82633333333333,0.613666666666667
1980,JUN,32.73,6,33.011,-0.2810000000000059
1980,JUL,31.02,7,31.315333333333335,-0.29533333333333545
1980,AUG,30.73,8,30.858333333333334,-0.12833333333333385
1980,SEP,30.98,9,30.892666666666667,0.08733333333333348
1980,OCT,30.46,10,30.158333333333335,0.30166666666666586
1980,NOV,27.78,11,27.775666666666666,0.0043333333333350765
1980,DEC,24.29,12,25.161333333333335,-0.871333333333336
1981,JAN,23.73,1,24.168,-0.43799999999999883
1981,FEB,26.07,2,26.28033333333333,-0.21033333333333104
1981,MAR,28.75,3,29.62366666666667,-0.8736666666666686
1981,APR,32.26,4,32.41766666666667,-0.15766666666667106
1981,MAY,33.9,5,33.82633333333333,0.07366666666666788
1981,JUN,33.19,6,33.011,0.17899999999999494
1981,JUL,30.87,7,31.315333333333335,-0.445333333333334
1981,AUG,30.57,8,30.858333333333334,-0.288333333333334
1981,SEP,30.74,9,30.892666666666667,-0.1526666666666685
1981,OCT,30.01,10,30.158333333333335,-0.14833333333333343
1981,NOV,27.12,11,27.775666666666666,-0.6556666666666651
1981,DEC,24.58,12,25.161333333333335,-0.5813333333333368
1982,JAN,24.23,1,24.168,0.062000000000001165
1982,FEB,24.78,2,26.28033333333333,-1.5003333333333302
1982,MAR,27.74,3,29.62366666666667,-1.8836666666666702
1982,APR,31.65,4,32.41766666666667,-0.7676666666666705
1982,MAY,32.98,5,33.82633333333333,-0.8463333333333338
1982,JUN,32.86,6,33.011,-0.15100000000000335
1982,JUL,31.7,7,31.315333333333335,0.38466666666666427
1982,AUG,30.64,8,30.858333333333334,-0.2183333333333337
1982,SEP,31.01,9,30.892666666666667,0.11733333333333462
1982,OCT,30.19,10,30.158333333333335,0.03166666666666629
1982,NOV,26.89,11,27.775666666666666,-0.8856666666666655
1982,DEC,24.69,12,25.161333333333335,-0.4713333333333338
1983,JAN,23.89,1,24.168,-0.2779999999999987
1983,FEB,25.35,2,26.28033333333333,-0.9303333333333299
1983,MAR,28.23,3,29.62366666666667,-1.3936666666666682
1983,APR,31.1,4,32.41766666666667,-1.3176666666666677
1983,MAY,33.18,5,33.82633333333333,-0.646333333333331
1983,JUN,33.39,6,33.011,0.3789999999999978
1983,JUL,31.39,7,31.315333333333335,0.07466666666666555
1983,AUG,30.67,8,30.858333333333334,-0.18833333333333258
1983,SEP,30.48,9,30.892666666666667,-0.4126666666666665
1983,OCT,29.59,10,30.158333333333335,-0.5683333333333351
1983,NOV,27.55,11,27.775666666666666,-0.22566666666666535
1983,DEC,24.57,12,25.161333333333335,-0.5913333333333348
1984,JAN,23.59,1,24.168,-0.5779999999999994
1984,FEB,24.62,2,26.28033333333333,-1.6603333333333303
1984,MAR,29.97,3,29.62366666666667,0.3463333333333303
1984,APR,32.19,4,32.41766666666667,-0.22766666666667135
1984,MAY,34.2,5,33.82633333333333,0.37366666666667214
1984,JUN,32.88,6,33.011,-0.13100000000000023
1984,JUL,30.66,7,31.315333333333335,-0.6553333333333349
1984,AUG,30.76,8,30.858333333333334,-0.09833333333333272
1984,SEP,30.06,9,30.892666666666667,-0.8326666666666682
1984,OCT,30.09,10,30.158333333333335,-0.06833333333333513
1984,NOV,27.19,11,27.775666666666666,-0.5856666666666648
1984,DEC,25.11,12,25.161333333333335,-0.05133333333333567
1985,JAN,23.84,1,24.168,-0.3279999999999994
1985,FEB,26.74,2,26.28033333333333,0.4596666666666671
1985,MAR,30.79,3,29.62366666666667,1.1663333333333306
1985,APR,32.72,4,32.41766666666667,0.3023333333333298
1985,MAY,34.01,5,33.82633333333333,0.1836666666666673
1985,JUN,32.78,6,33.011,-0.23100000000000165
1985,JUL,30.78,7,31.315333333333335,-0.5353333333333339
1985,AUG,30.67,8,30.858333333333334,-0.18833333333333258
1985,SEP,30.89,9,30.892666666666667,-0.002666666666666373
1985,OCT,29.55,10,30.158333333333335,-0.6083333333333343
1985,NOV,27.34,11,27.775666666666666,-0.4356666666666662
1985,DEC,25.17,12,25.161333333333335,0.0086666666666666
1986,JAN,23.61,1,24.168,-0.5579999999999998
1986,FEB,25.67,2,26.28033333333333,-0.6103333333333296
1986,MAR,29.39,3,29.62366666666667,-0.23366666666666802
1986,APR,32.11,4,32.41766666666667,-0.30766666666666964
1986,MAY,33.28,5,33.82633333333333,-0.5463333333333296
1986,JUN,32.97,6,33.011,-0.04100000000000392
1986,JUL,31.15,7,31.315333333333335,-0.16533333333333644
1986,AUG,30.67,8,30.858333333333334,-0.18833333333333258
1986,SEP,31.0,9,30.892666666666667,0.10733333333333306
1986,OCT,29.86,10,30.158333333333335,-0.29833333333333556
1986,NOV,27.63,11,27.775666666666666,-0.14566666666666706
1986,DEC,24.75,12,25.161333333333335,-0.4113333333333351
1987,JAN,23.81,1,24.168,-0.35800000000000054
1987,FEB,26.34,2,26.28033333333333,0.05966666666666853
1987,MAR,29.12,3,29.62366666666667,-0.5036666666666676
1987,APR,32.18,4,32.41766666666667,-0.23766666666666936
1987,MAY,32.88,5,33.82633333333333,-0.9463333333333281
1987,JUN,33.82,6,33.011,0.8089999999999975
1987,JUL,32.28,7,31.315333333333335,0.9646666666666661
1987,AUG,31.28,8,30.858333333333334,0.42166666666666686
1987,SEP,31.6,9,30.892666666666667,0.7073333333333345
1987,OCT,30.32,10,30.158333333333335,0.1616666666666653
1987,NOV,27.99,11,27.775666666666666,0.21433333333333238
1987,DEC,25.2,12,25.161333333333335,0.038666666666664185
1988,JAN,24.12,1,24.168,-0.047999999999998266
1988,FEB,26.67,2,26.28033333333333,0.3896666666666704
1988,MAR,29.21,3,29.62366666666667,-0.41366666666666774
1988,APR,32.15,4,32.41766666666667,-0.2676666666666705
1988,MAY,33.95,5,33.82633333333333,0.12366666666667214
1988,JUN,33.12,6,33.011,0.10899999999999466
1988,JUL,30.9,7,31.315333333333335,-0.41533333333333644
1988,AUG,30.67,8,30.858333333333334,-0.18833333333333258
1988,SEP,30.69,9,30.892666666666667,-0.20266666666666566
1988,OCT,30.35,10,30.158333333333335,0.19166666666666643
1988,NOV,27.75,11,27.775666666666666,-0.02566666666666606
1988,DEC,25.23,12,25.161333333333335,0.06866666666666532
1989,JAN,23.22,1,24.168,-0.9480000000000004
1989,FEB,25.79,2,26.28033333333333,-0.4903333333333322
1989,MAR,28.75,3,29.62366666666667,-0.8736666666666686
1989,APR,31.76,4,32.41766666666667,-0.6576666666666675
1989,MAY,33.63,5,33.82633333333333,-0.19633333333332814
1989,JUN,32.21,6,33.011,-0.8010000000000019
1989,JUL,30.89,7,31.315333333333335,-0.42533333333333445
1989,AUG,30.65,8,30.858333333333334,-0.2083333333333357
1989,SEP,30.73,9,30.892666666666667,-0.16266666666666652
1989,OCT,30.3,10,30.158333333333335,0.14166666666666572
1989,NOV,27.77,11,27.775666666666666,-0.005666666666666487
1989,DEC,24.67,12,25.161333333333335,-0.4913333333333334
1990,JAN,24.24,1,24.168,0.07199999999999918
1990,FEB,25.75,2,26.28033333333333,-0.5303333333333313
1990,MAR,28.25,3,29.62366666666667,-1.3736666666666686
1990,APR,31.59,4,32.41766666666667,-0.8276666666666692
1990,MAY,32.74,5,33.82633333333333,-1.0863333333333287
1990,JUN,32.56,6,33.011,-0.4510000000000005
1990,JUL,30.83,7,31.315333333333335,-0.4853333333333367
1990,AUG,30.69,8,30.858333333333334,-0.168333333333333
1990,SEP,30.67,9,30.892666666666667,-0.22266666666666524
1990,OCT,29.66,10,30.158333333333335,-0.49833333333333485
1990,NOV,27.72,11,27.775666666666666,-0.0556666666666672
1990,DEC,25.16,12,25.161333333333335,-0.0013333333333349628
1991,JAN,23.31,1,24.168,-0.8580000000000005
1991,FEB,26.17,2,26.28033333333333,-0.11033333333332962
1991,MAR,29.31,3,29.62366666666667,-0.31366666666666987
1991,APR,31.51,4,32.41766666666667,-0.9076666666666675
1991,MAY,33.65,5,33.82633333333333,-0.17633333333333212
1991,JUN,32.63,6,33.011,-0.3810000000000002
1991,JUL,31.6,7,31.315333333333335,0.2846666666666664
1991,AUG,30.64,8,30.858333333333334,-0.2183333333333337
1991,SEP,30.97,9,30.892666666666667,0.07733333333333192
1991,OCT,30.03,10,30.158333333333335,-0.12833333333333385
1991,NOV,27.3,11,27.775666666666666,-0.47566666666666535
1991,DEC,24.86,12,25.161333333333335,-0.3013333333333357
1992,JAN,23.84,1,24.168,-0.3279999999999994
1992,FEB,25.35,2,26.28033333333333,-0.9303333333333299
1992,MAR,28.89,3,29.62366666666667,-0.733666666666668
1992,APR,31.89,4,32.41766666666667,-0.5276666666666685
1992,MAY,33.25,5,33.82633333333333,-0.5763333333333307
1992,JUN,33.16,6,33.011,0.1489999999999938
1992,JUL,31.27,7,31.315333333333335,-0.045333333333335446
1992,AUG,30.39,8,30.858333333333334,-0.4683333333333337
1992,SEP,30.32,9,30.892666666666667,-0.5726666666666667
1992,OCT,29.78,10,30.158333333333335,-0.37833333333333385
1992,NOV,27.55,11,27.775666666666666,-0.22566666666666535
1992,DEC,25.16,12,25.161333333333335,-0.0013333333333349628
1993,JAN,23.82,1,24.168,-0.347999999999999
1993,FEB,26.79,2,26.28033333333333,0.5096666666666678
1993,MAR,28.37,3,29.62366666666667,-1.2536666666666676
1993,APR,32.33,4,32.41766666666667,-0.08766666666667078
1993,MAY,34.14,5,33.82633333333333,0.31366666666666987
1993,JUN,33.18,6,33.011,0.16899999999999693
1993,JUL,30.98,7,31.315333333333335,-0.3353333333333346
1993,AUG,31.21,8,30.858333333333334,0.35166666666666657
1993,SEP,30.52,9,30.892666666666667,-0.37266666666666737
1993,OCT,30.16,10,30.158333333333335,0.0016666666666651508
1993,NOV,27.66,11,27.775666666666666,-0.11566666666666592
1993,DEC,25.41,12,25.161333333333335,0.24866666666666504
1994,JAN,24.67,1,24.168,0.5020000000000024
1994,FEB,25.51,2,26.28033333333333,-0.7703333333333298
1994,MAR,29.96,3,29.62366666666667,0.33633333333333226
1994,APR,31.57,4,32.41766666666667,-0.8476666666666688
1994,MAY,34.03,5,33.82633333333333,0.20366666666667044
1994,JUN,33.06,6,33.011,0.04899999999999949
1994,JUL,30.85,7,31.315333333333335,-0.4653333333333336
1994,AUG,30.51,8,30.858333333333334,-0.3483333333333327
1994,SEP,30.78,9,30.892666666666667,-0.1126666666666658
1994,OCT,29.85,10,30.158333333333335,-0.30833333333333357
1994,NOV,27.72,11,27.775666666666666,-0.0556666666666672
1994,DEC,24.98,12,25.161333333333335,-0.18133333333333468
1995,JAN,24.44,1,24.168,0.272000000000002
1995,FEB,26.93,2,26.28033333333333,0.6496666666666684
1995,MAR,29.92,3,29.62366666666667,0.2963333333333331
1995,APR,32.83,4,32.41766666666667,0.4123333333333292
1995,MAY,34.45,5,33.82633333333333,0.6236666666666721
1995,JUN,34.48,6,33.011,1.468999999999994
1995,JUL,31.39,7,31.315333333333335,0.07466666666666555
1995,AUG,30.91,8,30.858333333333334,0.05166666666666586
1995,SEP,31.24,9,30.892666666666667,0.3473333333333315
1995,OCT,30.93,10,30.158333333333335,0.7716666666666647
1995,NOV,28.51,11,27.775666666666666,0.7343333333333355
1995,DEC,26.21,12,25.161333333333335,1.0486666666666657
1996,JAN,25.18,1,24.168,1.0120000000000005
1996,FEB,27.4,2,26.28033333333333,1.1196666666666673
1996,MAR,30.86,3,29.62366666666667,1.2363333333333308
1996,APR,32.4,4,32.41766666666667,-0.017666666666670494
1996,MAY,33.69,5,33.82633333333333,-0.13633333333333297
1996,JUN,32.5,6,33.011,-0.5110000000000028
1996,JUL,31.19,7,31.315333333333335,-0.12533333333333374
1996,AUG,30.23,8,30.858333333333334,-0.6283333333333339
1996,SEP,30.86,9,30.892666666666667,-0.03266666666666751
1996,OCT,29.44,10,30.158333333333335,-0.7183333333333337
1996,NOV,27.61,11,27.775666666666666,-0.16566666666666663
1996,DEC,24.83,12,25.161333333333335,-0.3313333333333368
1997,JAN,23.3,1,24.168,-0.8679999999999986
1997,FEB,25.96,2,26.28033333333333,-0.32033333333333047
1997,MAR,29.44,3,29.62366666666667,-0.1836666666666673
1997,APR,31.0,4,32.41766666666667,-1.417666666666669
1997,MAY,33.36,5,33.82633333333333,-0.46633333333333127
1997,JUN,33.07,6,33.011,0.0589999999999975
1997,JUL,31.87,7,31.315333333333335,0.554666666666666
1997,AUG,31.04,8,30.858333333333334,0.18166666666666487
1997,SEP,31.11,9,30.892666666666667,0.2173333333333325
1997,OCT,29.21,10,30.158333333333335,-0.9483333333333341
1997,NOV,26.87,11,27.775666666666666,-0.9056666666666651
1997,DEC,23.92,12,25.161333333333335,-1.2413333333333334
1998,JAN,23.95,1,24.168,-0.21799999999999997
1998,FEB,25.97,2,26.28033333333333,-0.31033333333333246
1998,MAR,28.56,3,29.62366666666667,-1.0636666666666699
1998,APR,32.6,4,32.41766666666667,0.18233333333333235
1998,MAY,34.5,5,33.82633333333333,0.6736666666666693
1998,JUN,33.55,6,33.011,0.5389999999999944
1998,JUL,31.57,7,31.315333333333335,0.25466666666666526
1998,AUG,31.17,8,30.858333333333334,0.3116666666666674
1998,SEP,30.73,9,30.892666666666667,-0.16266666666666652
1998,OCT,30.03,10,30.158333333333335,-0.12833333333333385
1998,NOV,28.09,11,27.775666666666666,0.3143333333333338
1998,DEC,25.15,12,25.161333333333335,-0.011333333333336526
1999,JAN,23.57,1,24.168,-0.597999999999999
1999,FEB,26.75,2,26.28033333333333,0.4696666666666687
1999,MAR,30.32,3,29.62366666666667,0.6963333333333317
1999,APR,33.77,4,32.41766666666667,1.352333333333334
1999,MAY,33.26,5,33.82633333333333,-0.5663333333333327
1999,JUN,32.57,6,33.011,-0.4410000000000025
1999,JUL,31.44,7,31.315333333333335,0.12466666666666626
1999,AUG,30.95,8,30.858333333333334,0.09166666666666501
1999,SEP,31.22,9,30.892666666666667,0.3273333333333319
1999,OCT,30.17,10,30.158333333333335,0.011666666666666714
1999,NOV,27.97,11,27.775666666666666,0.1943333333333328
1999,DEC,25.72,12,25.161333333333335,0.5586666666666638
2000,JAN,24.44,1,24.168,0.272000000000002
2000,FEB,25.2,2,26.28033333333333,-1.080333333333332
2000,MAR,29.27,3,29.62366666666667,-0.353666666666669
2000,APR,33.17,4,32.41766666666667,0.7523333333333326
2000,MAY,34.23,5,33.82633333333333,0.4036666666666662
2000,JUN,32.29,6,33.011,-0.7210000000000036
2000,JUL,30.99,7,31.315333333333335,-0.3253333333333366
2000,AUG,30.73,8,30.858333333333334,-0.12833333333333385
2000,SEP,30.96,9,30.892666666666667,0.06733333333333391
2000,OCT,31.22,10,30.158333333333335,1.0616666666666639
2000,NOV,28.46,11,27.775666666666666,0.6843333333333348
2000,DEC,25.86,12,25.161333333333335,0.6986666666666643
2001,JAN,24.36,1,24.168,0.19200000000000017
2001,FEB,27.4,2,26.28033333333333,1.1196666666666673
2001,MAR,30.32,3,29.62366666666667,0.6963333333333317
2001,APR,32.54,4,32.41766666666667,0.12233333333333007
2001,MAY,34.96,5,33.82633333333333,1.1336666666666702
2001,JUN,32.34,6,33.011,-0.6709999999999994
2001,JUL,31.33,7,31.315333333333335,0.014666666666663275
2001,AUG,31.31,8,30.858333333333334,0.45166666666666444
2001,SEP,31.66,9,30.892666666666667,0.7673333333333332
2001,OCT,30.79,10,30.158333333333335,0.6316666666666642
2001,NOV,28.26,11,27.775666666666666,0.4843333333333355
2001,DEC,25.33,12,25.161333333333335,0.1686666666666632
2002,JAN,24.56,1,24.168,0.39199999999999946
2002,FEB,26.18,2,26.28033333333333,-0.10033333333333161
2002,MAR,30.59,3,29.62366666666667,0.9663333333333313
2002,APR,33.51,4,32.41766666666667,1.092333333333329
2002,MAY,35.08,5,33.82633333333333,1.2536666666666676
2002,JUN,33.46,6,33.011,0.44899999999999807
2002,JUL,32.76,7,31.315333333333335,1.444666666666663
2002,AUG,31.04,8,30.858333333333334,0.18166666666666487
2002,SEP,31.05,9,30.892666666666667,0.15733333333333377
2002,OCT,31.02,10,30.158333333333335,0.8616666666666646
2002,NOV,28.86,11,27.775666666666666,1.0843333333333334
2002,DEC,25.88,12,25.161333333333335,0.7186666666666639
2003,JAN,24.27,1,24.168,0.10200000000000031
2003,FEB,26.36,2,26.28033333333333,0.0796666666666681
2003,MAR,29.13,3,29.62366666666667,-0.4936666666666696
2003,APR,32.91,4,32.41766666666667,0.4923333333333275
2003,MAY,34.12,5,33.82633333333333,0.29366666666666674
2003,JUN,33.77,6,33.011,0.7590000000000003
2003,JUL,31.3,7,31.315333333333335,-0.01533333333333431
2003,AUG,30.93,8,30.858333333333334,0.07166666666666544
2003,SEP,30.86,9,30.892666666666667,-0.03266666666666751
2003,OCT,30.26,10,30.158333333333335,0.10166666666666657
2003,NOV,27.86,11,27.775666666666666,0.08433333333333337
2003,DEC,24.97,12,25.161333333333335,-0.19133333333333624
2004,JAN,23.89,1,24.168,-0.2779999999999987
2004,FEB,27.05,2,26.28033333333333,0.7696666666666694
2004,MAR,32.33,3,29.62366666666667,2.7063333333333297
2004,APR,32.97,4,32.41766666666667,0.5523333333333298
2004,MAY,33.23,5,33.82633333333333,-0.5963333333333338
2004,JUN,32.23,6,33.011,-0.7810000000000059
2004,JUL,31.38,7,31.315333333333335,0.06466666666666399
2004,AUG,30.85,8,30.858333333333334,-0.00833333333333286
2004,SEP,31.2,9,30.892666666666667,0.30733333333333235
2004,OCT,29.18,10,30.158333333333335,-0.9783333333333353
2004,NOV,28.23,11,27.775666666666666,0.45433333333333437
2004,DEC,25.54,12,25.161333333333335,0.37866666666666404
2005,JAN,24.18,1,24.168,0.012000000000000455
2005,FEB,25.74,2,26.28033333333333,-0.5403333333333329
2005,MAR,29.5,3,29.62366666666667,-0.12366666666666859
2005,APR,32.37,4,32.41766666666667,-0.04766666666667163
2005,MAY,33.57,5,33.82633333333333,-0.2563333333333304
2005,JUN,33.88,6,33.011,0.8689999999999998
2005,JUL,30.96,7,31.315333333333335,-0.35533333333333417
2005,AUG,31.45,8,30.858333333333334,0.591666666666665
2005,SEP,31.05,9,30.892666666666667,0.15733333333333377
2005,OCT,29.78,10,30.158333333333335,-0.37833333333333385
2005,NOV,27.6,11,27.775666666666666,-0.17566666666666464
2005,DEC,25.11,12,25.161333333333335,-0.05133333333333567
2006,JAN,25.66,1,24.168,1.4920000000000009
2006,FEB,29.33,2,26.28033333333333,3.049666666666667
2006,MAR,29.56,3,29.62366666666667,-0.06366666666666987
2006,APR,32.59,4,32.41766666666667,0.17233333333333434
2006,MAY,34.09,5,33.82633333333333,0.2636666666666727
2006,JUN,32.65,6,33.011,-0.3610000000000042
2006,JUL,31.59,7,31.315333333333335,0.27466666666666484
2006,AUG,30.76,8,30.858333333333334,-0.09833333333333272
2006,SEP,30.57,9,30.892666666666667,-0.32266666666666666
2006,OCT,30.46,10,30.158333333333335,0.30166666666666586
2006,NOV,27.61,11,27.775666666666666,-0.16566666666666663
2006,DEC,25.27,12,25.161333333333335,0.10866666666666447
2007,JAN,25.19,1,24.168,1.022000000000002
2007,FEB,26.28,2,26.28033333333333,-0.000333333333330188
2007,MAR,29.33,3,29.62366666666667,-0.2936666666666703
2007,APR,33.57,4,32.41766666666667,1.1523333333333312
2007,MAY,34.05,5,33.82633333333333,0.22366666666666646
2007,JUN,32.63,6,33.011,-0.3810000000000002
2007,JUL,31.29,7,31.315333333333335,-0.025333333333335872
2007,AUG,31.06,8,30.858333333333334,0.20166666666666444
2007,SEP,30.64,9,30.892666666666667,-0.2526666666666664
2007,OCT,30.49,10,30.158333333333335,0.33166666666666345
2007,NOV,28.41,11,27.775666666666666,0.6343333333333341
2007,DEC,25.19,12,25.161333333333335,0.028666666666666174
2008,JAN,23.97,1,24.168,-0.1980000000000004
2008,FEB,25.48,2,26.28033333333333,-0.8003333333333309
2008,MAR,30.34,3,29.62366666666667,0.7163333333333313
2008,APR,32.13,4,32.41766666666667,-0.2876666666666665
2008,MAY,33.86,5,33.82633333333333,0.03366666666666873
2008,JUN,32.15,6,33.011,-0.8610000000000042
2008,JUL,31.24,7,31.315333333333335,-0.07533333333333658
2008,AUG,30.69,8,30.858333333333334,-0.168333333333333
2008,SEP,30.92,9,30.892666666666667,0.027333333333334764
2008,OCT,30.81,10,30.158333333333335,0.6516666666666637
2008,NOV,28.15,11,27.775666666666666,0.3743333333333325
2008,DEC,25.91,12,25.161333333333335,0.748666666666665
2009,JAN,25.27,1,24.168,1.1020000000000003
2009,FEB,27.75,2,26.28033333333333,1.4696666666666687
2009,MAR,30.57,3,29.62366666666667,0.9463333333333317
2009,APR,33.09,4,32.41766666666667,0.6723333333333343
2009,MAY,34.09,5,33.82633333333333,0.2636666666666727
2009,JUN,33.73,6,33.011,0.7189999999999941
2009,JUL,31.77,7,31.315333333333335,0.45466666666666455
2009,AUG,31.84,8,30.858333333333334,0.9816666666666656
2009,SEP,31.6,9,30.892666666666667,0.7073333333333345
2009,OCT,30.75,10,30.158333333333335,0.591666666666665
2009,NOV,27.59,11,27.775666666666666,-0.1856666666666662
2009,DEC,25.53,12,25.161333333333335,0.36866666666666603
2010,JAN,24.89,1,24.168,0.7220000000000013
2010,FEB,27.03,2,26.28033333333333,0.7496666666666698
2010,MAR,31.94,3,29.62366666666667,2.3163333333333327
2010,APR,34.07,4,32.41766666666667,1.6523333333333312
2010,MAY,34.43,5,33.82633333333333,0.603666666666669
2010,JUN,33.22,6,33.011,0.20899999999999608
2010,JUL,31.24,7,31.315333333333335,-0.07533333333333658
2010,AUG,30.77,8,30.858333333333334,-0.08833333333333471
2010,SEP,30.65,9,30.892666666666667,-0.24266666666666836
2010,OCT,30.47,10,30.158333333333335,0.31166666666666387
2010,NOV,28.01,11,27.775666666666666,0.2343333333333355
2010,DEC,24.88,12,25.161333333333335,-0.2813333333333361
2011,JAN,24.18,1,24.168,0.012000000000000455
2011,FEB,26.47,2,26.28033333333333,0.18966666666666754
2011,MAR,30.17,3,29.62366666666667,0.5463333333333331
2011,APR,31.7,4,32.41766666666667,-0.7176666666666698
2011,MAY,34.33,5,33.82633333333333,0.5036666666666676
2011,JUN,33.02,6,33.011,0.009000000000000341
2011,JUL,31.41,7,31.315333333333335,0.09466666666666512
2011,AUG,30.92,8,30.858333333333334,0.061666666666667425
2011,SEP,30.81,9,30.892666666666667,-0.08266666666666822
2011,OCT,30.85,10,30.158333333333335,0.6916666666666664
2011,NOV,28.31,11,27.775666666666666,0.5343333333333327
2011,DEC,25.6,12,25.161333333333335,0.4386666666666663
2012,JAN,23.61,1,24.168,-0.5579999999999998
2012,FEB,26.44,2,26.28033333333333,0.15966666666666995
2012,MAR,30.2,3,29.62366666666667,0.5763333333333307
2012,APR,32.46,4,32.41766666666667,0.04233333333333178
2012,MAY,34.3,5,33.82633333333333,0.47366666666666646
2012,JUN,33.6,6,33.011,0.5889999999999986
2012,JUL,31.88,7,31.315333333333335,0.564666666666664
2012,AUG,30.96,8,30.858333333333334,0.10166666666666657
2012,SEP,30.65,9,30.892666666666667,-0.24266666666666836
2012,OCT,30.2,10,30.158333333333335,0.0416666666666643
2012,NOV,28.11,11,27.775666666666666,0.33433333333333337
2012,DEC,25.34,12,25.161333333333335,0.17866666666666475
2013,JAN,24.56,1,24.168,0.39199999999999946
2013,FEB,26.59,2,26.28033333333333,0.30966666666666853
2013,MAR,30.62,3,29.62366666666667,0.9963333333333324
2013,APR,32.66,4,32.41766666666667,0.24233333333332752
2013,MAY,34.46,5,33.82633333333333,0.6336666666666702
2013,JUN,32.44,6,33.011,-0.5710000000000051
2013,JUL,31.07,7,31.315333333333335,-0.24533333333333474
2013,AUG,30.76,8,30.858333333333334,-0.09833333333333272
2013,SEP,31.04,9,30.892666666666667,0.1473333333333322
2013,OCT,30.27,10,30.158333333333335,0.11166666666666458
2013,NOV,27.83,11,27.775666666666666,0.054333333333332234
2013,DEC,25.37,12,25.161333333333335,0.2086666666666659
2014,JAN,23.83,1,24.168,-0.33800000000000097
2014,FEB,25.97,2,26.28033333333333,-0.31033333333333246
2014,MAR,28.95,3,29.62366666666667,-0.6736666666666693
2014,APR,32.74,4,32.41766666666667,0.3223333333333329
2014,MAY,33.77,5,33.82633333333333,-0.05633333333332757
2014,JUN,34.15,6,33.011,1.1389999999999958
2014,JUL,31.85,7,31.315333333333335,0.5346666666666664
2014,AUG,31.32,8,30.858333333333334,0.461666666666666
2014,SEP,30.68,9,30.892666666666667,-0.21266666666666723
2014,OCT,30.29,10,30.158333333333335,0.13166666666666416
2014,NOV,28.05,11,27.775666666666666,0.27433333333333465
2014,DEC,25.08,12,25.161333333333335,-0.08133333333333681
2015,JAN,24.58,1,24.168,0.41199999999999903
2015,FEB,26.89,2,26.28033333333333,0.6096666666666692
2015,MAR,29.07,3,29.62366666666667,-0.5536666666666683
2015,APR,31.87,4,32.41766666666667,-0.5476666666666681
2015,MAY,34.09,5,33.82633333333333,0.2636666666666727
2015,JUN,32.48,6,33.011,-0.5310000000000059
2015,JUL,31.88,7,31.315333333333335,0.564666666666664
2015,AUG,31.52,8,30.858333333333334,0.6616666666666653
2015,SEP,31.55,9,30.892666666666667,0.6573333333333338
2015,OCT,31.04,10,30.158333333333335,0.8816666666666642
2015,NOV,28.1,11,27.775666666666666,0.32433333333333536
2015,DEC,25.67,12,25.161333333333335,0.5086666666666666
2016,JAN,26.94,1,24.168,2.772000000000002
2016,FEB,29.72,2,26.28033333333333,3.4396666666666675
2016,MAR,32.62,3,29.62366666666667,2.996333333333329
2016,APR,35.38,4,32.41766666666667,2.9623333333333335
2016,MAY,35.72,5,33.82633333333333,1.8936666666666682
2016,JUN,34.03,6,33.011,1.0189999999999984
2016,JUL,31.64,7,31.315333333333335,0.32466666666666555
2016,AUG,31.79,8,30.858333333333334,0.9316666666666649
2016,SEP,31.66,9,30.892666666666667,0.7673333333333332
2016,OCT,31.98,10,30.158333333333335,1.8216666666666654
2016,NOV,30.11,11,27.775666666666666,2.3343333333333334
2016,DEC,28.01,12,25.161333333333335,2.8486666666666665
2017,JAN,26.45,1,24.168,2.282
2017,FEB,29.46,2,26.28033333333333,3.1796666666666695
2017,MAR,31.6,3,29.62366666666667,1.9763333333333328
2017,APR,34.95,4,32.41766666666667,2.5323333333333338
2017,MAY,35.84,5,33.82633333333333,2.0136666666666727
2017,JUN,33.82,6,33.011,0.8089999999999975
2017,JUL,31.88,7,31.315333333333335,0.564666666666664
2017,AUG,31.72,8,30.858333333333334,0.8616666666666646
2017,SEP,32.22,9,30.892666666666667,1.327333333333332
2017,OCT,32.29,10,30.158333333333335,2.131666666666664
2017,NOV,29.6,11,27.775666666666666,1.8243333333333354
2017,DEC,27.18,12,25.161333333333335,2.0186666666666646
