Year,Month,Nino 3.4 SST Anomaly,SOI,ONI,RONI,IOD_Index,RMM1,RMM2,amplitude,phase
1974,JUN,-1.2,0.7,-0.77,-0.67,0.32,0.0004936818320000019,0.17866784133333333,1.0546148806666666,1
1974,JUL,-0.9,1.9,-0.53,-0.41,-0.1,0.3881751946496774,-0.02209311768064516,0.8500422877419355,3
1974,AUG,-0.52,1.3,-0.37,-0.03,-0.2,0.4042214334516129,0.5328013975806452,1.074155283267742,5
1974,SEP,-0.64,1.8,-0.41,-0.13,-0.61,-0.6338473931599999,-0.6121870056666666,0.9738112963333333,1
1974,OCT,-0.94,1.5,-0.61,-0.39,-0.34,0.8368710823709677,0.07381848387419356,0.9921956770967741,5
1974,NOV,-1.09,-0.2,-0.75,-0.57,-0.42,0.09046204733333334,0.649324272,0.8571291733333334,6
1974,DEC,-0.97,0.3,-0.64,-0.39,-0.17,-0.5682313105516129,0.03376031198064515,0.8659016363774193,7
1975,JAN,-0.45,-0.8,-0.54,0.22,-0.5,-0.5288187822580644,0.3239698832483871,1.6703991880645161,8
1975,FEB,-0.68,1.3,-0.57,-0.07,0.11,-0.4779074932142858,-0.44348097862142855,1.5161655678571428,1
1975,MAR,-1.09,2.6,-0.65,-0.53,-0.19,0.49771662656451615,-0.6861589338709677,1.5107749632258065,3
1975,APR,-0.96,1.9,-0.73,-0.35,0.35,0.15014746362333337,-0.3720749929766667,1.7407238386666668,2
1975,MAY,-1.13,1.1,-0.83,-0.54,0.08,-0.3125963323935484,-0.48554195030645164,0.6574914222580646,2
1975,JUN,-1.5,2.1,-0.98,-0.94,0.34,0.49352374589,0.26798356274900004,1.3867211276666667,4
1975,JUL,-1.39,3.1,-1.13,-0.85,0.37,-0.7236235796774193,-0.5981554906506451,1.6907545193548388,2
1975,AUG,-1.52,3.3,-1.2,-0.94,-0.43,0.5565815132387096,-0.03691342577419355,1.091334322903226,5
1975,SEP,-1.66,3.4,-1.37,-1.04,-1.04,-0.07351198229333332,-0.45993904189,0.7913458553333333,1
1975,OCT,-1.83,2.8,-1.43,-1.18,-1.19,0.428905163822258,0.3755629545709678,0.7768538551129033,5
1975,NOV,-1.66,1.9,-1.55,-0.87,-0.58,-0.7043443326666666,0.17999455589666666,0.9253528316666666,8
1975,DEC,-1.93,3.5,-1.65,-1.18,-0.03,-0.08255879739677419,-0.0435053393535484,1.0417191258064515,8
1976,JAN,-2.01,2.3,-1.56,-1.31,-0.06,-0.45590864322774194,1.2588659399516129,1.834366834516129,6
1976,FEB,-1.26,2.8,-1.17,-0.58,0.13,-0.37732446647586204,0.4918408422013793,1.0801324720689656,8
1976,MAR,-0.82,2.9,-0.73,-0.06,0.1,0.45824853557516126,0.40920121706129037,0.7079384773548386,5
1976,APR,-0.93,0.5,-0.47,-0.27,-0.02,0.17519422958,-0.013633799090000003,0.694163626,5
1976,MAY,-0.74,0.6,-0.28,0.0,-0.01,0.24485891684193548,0.16620370999999998,1.2929743906451614,7
1976,JUN,-0.38,0.4,-0.05,0.26,0.47,-0.3987452877623333,-0.46559799465333335,0.7404229729633334,2
1976,JUL,-0.16,-1.4,0.18,0.44,0.86,0.12481567125483871,-0.31448977556677415,0.5318703241935484,4
1976,AUG,0.12,-1.3,0.35,0.68,0.31,0.2947326748451613,-0.4509432335964516,1.2991906812903224,3
1976,SEP,0.3,-1.9,0.62,0.88,-0.13,-0.07879077233333334,1.057140177,1.7311873133333333,6
1976,OCT,0.75,0.7,0.81,1.25,-0.37,0.3099178832806452,-0.3766377387096774,1.3352454777419356,5
1976,NOV,0.71,1.2,0.86,1.16,-0.25,0.6600770878036666,-0.6554070771866667,1.3536582700533333,5
1976,DEC,0.49,-0.6,0.85,0.99,0.26,-0.30428168722258064,0.3297242858096774,1.4740346477419355,1
1977,JAN,0.78,-0.7,0.71,1.24,0.2,-0.09708973792258066,0.07593922328064516,0.8400428006451612,2
1977,FEB,0.37,2.0,0.64,0.8,0.08,0.413073917925,-0.7617250623928572,1.0397052060714285,3
1977,MAR,0.19,-0.9,0.34,0.74,0.17,-0.5085175106451614,0.8851696764967741,1.674077729032258,7
1977,APR,-0.38,-0.7,0.23,0.02,0.02,-0.155767452,-0.17096421897666667,2.0095004926666666,1
1977,MAY,-0.21,-0.8,0.21,0.17,-0.31,-0.27722822552903226,0.19287613193612904,1.3203353893548386,8
1977,JUN,0.01,-1.5,0.34,0.37,-0.01,-0.16441884035,-0.38613047401733336,1.1449766080000001,5
1977,JUL,0.09,-1.9,0.35,0.51,0.05,0.8632978048387097,-0.1963741842216129,1.0709987806451613,5
1977,AUG,-0.01,-1.3,0.42,0.38,0.11,0.04423282386870968,-0.20481010779280645,0.8956241280645161,1
1977,SEP,0.4,-1.3,0.57,0.84,-0.04,-0.25961693808833336,0.6653459636666667,1.79931732,6
1977,OCT,0.63,-1.7,0.73,1.11,0.61,-0.5663279531548387,-0.10963724475387097,0.6892718716129032,8
1977,NOV,0.48,-2.1,0.81,0.95,0.24,-0.131105659,-0.3093376839866666,1.3839367443333332,8
1977,DEC,0.7,-1.7,0.79,1.21,0.37,-0.5766723583419354,0.40200938841612904,0.8505023864516129,7
1978,JAN,0.62,-0.5,0.69,0.98,-0.62,0.8418588545096775,-0.5142628555129032,1.6989839889612903,4
1978,FEB,0.25,-4.4,0.42,0.63,-0.34,-0.9119173936214285,1.1746814028571428,1.7901202278571429,8
1978,MAR,-0.2,-0.3,0.06,0.17,-0.17,4.838709493548388e+35,4.838709493548388e+35,4.838709493548388e+35,999
1978,APR,-0.7,-0.5,-0.18,-0.4,-0.04,9.99999962e+35,9.99999962e+35,9.99999962e+35,999
1978,MAY,-0.74,2.2,-0.31,-0.32,-0.13,9.99999962e+35,9.99999962e+35,9.99999962e+35,999
1978,JUN,-0.71,1.1,-0.29,-0.37,0.24,9.99999962e+35,9.99999962e+35,9.99999962e+35,999
1978,JUL,-0.55,0.9,-0.36,-0.2,0.12,9.99999962e+35,9.99999962e+35,9.99999962e+35,999
1978,AUG,-0.79,0.7,-0.42,-0.39,-0.05,9.99999962e+35,9.99999962e+35,9.99999962e+35,999
1978,SEP,-0.71,0.1,-0.42,-0.25,0.21,9.99999962e+35,9.99999962e+35,9.99999962e+35,999
1978,OCT,-0.46,-0.6,-0.29,0.05,0.16,9.99999962e+35,9.99999962e+35,9.99999962e+35,999
1978,NOV,-0.38,0.0,-0.08,0.06,-0.23,9.99999962e+35,9.99999962e+35,9.99999962e+35,999
1978,DEC,-0.06,-0.1,0.0,0.35,-0.24,9.99999962e+35,9.99999962e+35,9.99999962e+35,999
1979,JAN,-0.13,-0.7,0.03,0.11,0.25,-0.7500286344967743,1.1060293606290321,1.7195324841935484,7
1979,FEB,-0.22,1.6,0.07,0.05,-0.11,0.4582118528321429,-0.7453763721321429,1.063415074642857,3
1979,MAR,-0.02,0.2,0.2,0.3,-0.21,0.6365077453870968,-0.3226274574209677,1.3896006751612904,4
1979,APR,0.02,-0.2,0.28,0.28,0.12,0.038630108986666675,-0.20659311701000002,1.8449910066666668,3
1979,MAY,-0.25,0.8,0.23,0.03,0.12,-0.11405252258419356,0.4094730136451613,1.6778570587096775,4
1979,JUN,-0.29,1.1,0.05,-0.08,0.46,-0.094829925,-0.72848123582,1.6397961300000001,2
1979,JUL,-0.47,2.2,0.04,-0.19,0.08,-0.6870108777419355,0.14910435999096774,1.2626934848387097,1
1979,AUG,-0.1,-0.3,0.17,0.21,-0.24,-0.5432270767741936,0.6399448058064516,2.249053248387097,1
1979,SEP,0.28,0.2,0.33,0.58,-0.46,0.1959979693336667,-0.5571419086666667,1.8216750099999999,1
1979,OCT,0.11,-0.2,0.45,0.39,-0.42,-0.1020508554967742,0.85968938,1.8901715967741937,6
1979,NOV,0.29,-0.7,0.52,0.5,-0.6,0.26036003849666667,-1.301191646,1.492557377,3
1979,DEC,0.52,-1.2,0.64,0.73,-0.23,0.28275640504177413,0.1492282848483871,1.0625697770967744,4
1980,JAN,0.54,0.7,0.59,0.74,0.11,0.5722166965387097,-0.11478457295806452,0.7821294493548386,5
1980,FEB,0.22,0.5,0.46,0.46,0.25,-0.10107213346551724,0.46674352834482763,0.6974407365931035,7
1980,MAR,0.03,-0.7,0.34,0.22,-0.16,0.3741770657548387,0.4738638951516129,1.4219328212903224,6
1980,APR,-0.07,-1.0,0.38,0.14,0.35,-0.005919326333333311,-0.02908789863666668,1.6945246133333334,8
1980,MAY,0.08,0.0,0.48,0.27,0.36,-0.0865716646451613,-0.25386449598709676,0.5559942336387097,2
1980,JUN,0.21,0.0,0.46,0.51,-0.42,0.13389921139,-0.29763468488333333,0.6750717646666667,4
1980,JUL,-0.06,-0.1,0.25,0.2,-0.24,-0.1737440293548387,-0.0976400483864516,0.7928555761290322,1
1980,AUG,-0.38,0.6,0.03,-0.13,0.13,0.08128798742064516,-0.3186144225451613,1.1629214538709676,1
1980,SEP,-0.28,-0.8,-0.07,-0.05,-0.53,-0.009849300000000002,0.2507890865938667,1.1391963003333332,1
1980,OCT,-0.26,0.0,0.02,0.05,-0.49,0.3701541933064516,-0.026261610048387094,1.1071735209677418,2
1980,NOV,-0.1,-0.6,0.11,0.17,-0.27,-0.36295337141,-0.22033411695366667,0.7862608527033333,2
1980,DEC,0.05,-0.1,-0.01,0.38,0.09,0.0006654677322580591,-0.10036275504516129,0.45220313451612903,2
1981,JAN,-0.36,0.6,-0.26,-0.03,0.13,-0.2011922884219355,0.540976979616129,0.8293697054838709,7
1981,FEB,-0.64,-0.3,-0.5,-0.33,0.32,-0.27645086923,1.4802118885714286,1.5617196100000001,7
1981,MAR,-0.64,-2.1,-0.47,-0.43,-0.11,-1.5190577741935483,-0.5424354680032258,2.681950648387097,8
1981,APR,-0.53,-0.2,-0.37,-0.25,0.53,0.45600339732,0.20942653066666667,1.8680893193333332,7
1981,MAY,-0.57,1.3,-0.26,-0.32,0.12,0.10227522612903224,-0.709243595132258,1.3846508461290323,5
1981,JUN,-0.46,2.0,-0.29,-0.19,-0.18,0.58655471723,0.24683208563,0.9336480726666667,5
1981,JUL,-0.64,1.4,-0.3,-0.39,-0.42,0.4989097655032258,-0.9901977009677418,1.4045889706451613,3
1981,AUG,-0.53,1.2,-0.25,-0.19,-0.54,-0.21498645569870967,0.4409533980741936,1.4383230925806452,1
1981,SEP,-0.19,0.5,-0.16,0.05,-0.69,0.6736397606666666,-0.5618736893333334,1.8157109833333334,2
1981,OCT,-0.3,-0.6,-0.13,-0.21,-0.57,-0.2709721453567742,-0.08321380050645162,0.7776436432258065,1
1981,NOV,-0.41,0.3,-0.15,-0.31,-0.35,0.3496854329943,-0.2896362859,0.710026636,4
1981,DEC,-0.2,0.8,-0.08,-0.05,-0.24,0.09424416381612903,0.7525994487554838,1.3702251690322582,7
1982,JAN,0.13,2.0,-0.05,0.37,0.08,0.09106418038064518,-0.25807191066774193,0.9918782558064516,4
1982,FEB,-0.17,0.4,0.07,0.09,0.31,-0.22233946009642858,0.45117719037857146,0.9554450314285715,8
1982,MAR,0.13,1.0,0.19,0.52,0.39,0.19353737492903225,-0.06719253189645161,0.8262813755225806,2
1982,APR,0.21,0.1,0.47,0.59,0.43,-0.11600082194,0.06816458126333333,1.148347365,4
1982,MAY,0.45,-0.6,0.66,0.83,0.46,-0.6458652086483871,-0.0648722457767742,1.4055054783870968,8
1982,JUN,0.53,-1.7,0.72,0.9,0.33,0.3157888942666667,0.8006628223066666,1.0878709756666667,6
1982,JUL,0.37,-2.5,0.79,0.74,0.42,-0.4009789480870968,0.5446581632548386,0.8223303216129032,7
1982,AUG,0.73,-2.9,1.07,1.11,0.43,0.28282923259977416,-0.4438722851516129,0.8475525412903225,3
1982,SEP,1.49,-2.9,1.58,1.91,0.18,-0.24643223463,-0.02270822424666667,0.867028632,1
1982,OCT,1.99,-2.8,1.97,2.41,0.87,-0.4547720999258064,-0.4509091546193548,0.8961542580645162,2
1982,NOV,1.92,-4.3,2.18,2.32,0.29,-0.2514270933066667,-0.29028908829,1.4591116116666667,3
1982,DEC,2.2,-3.7,2.23,2.56,-0.18,0.23909368257774194,-0.7382423919354838,1.1253084548387096,3
1983,JAN,2.35,-5.8,2.18,2.69,-0.23,-0.40947497161290325,0.4322822476580645,1.117295640967742,8
1983,FEB,1.94,-6.0,1.92,2.22,-0.48,0.16071012608928573,0.13189372103821428,0.9090125164392857,1
1983,MAR,1.38,-4.0,1.54,1.69,-0.9,-0.48282029781290325,0.4572300212964516,0.7868987441935483,8
1983,APR,0.95,-1.5,1.29,1.23,-0.82,-0.09499129577333333,-0.3669197752166667,1.0557689343333334,2
1983,MAY,0.9,1.0,1.06,1.19,-0.2,0.5196862906451613,-0.0669081645516129,0.8622527793548388,4
1983,JUN,0.54,0.1,0.72,0.6,0.31,0.6107852345566667,-0.21376102621666665,1.0646092856666667,4
1983,JUL,-0.11,-1.0,0.31,-0.08,0.8,0.13351549916290323,-0.6060539283483871,0.8894303893548388,3
1983,AUG,-0.27,0.2,-0.08,-0.22,0.41,0.6564902552516129,-0.7959261803741936,1.1866414248387098,4
1983,SEP,-0.52,1.4,-0.46,-0.43,0.24,0.318467133,-0.76458265094,1.5015712159999999,2
1983,OCT,-1.16,0.7,-0.81,-1.12,-0.09,0.4684016616612903,0.2764746492806452,1.1446224545161292,5
1983,NOV,-1.29,-0.2,-1.0,-1.26,0.08,0.02277641979333333,1.0441869480366666,1.2615855596733332,7
1983,DEC,-1.03,0.0,-0.91,-1.03,-0.1,-0.5937129248374193,-0.11031283320000002,1.1142831458645162,2
1984,JAN,-0.67,0.3,-0.6,-0.59,-0.02,-0.2754782940883871,-0.9712961234903226,1.1969295761290322,2
1984,FEB,-0.19,1.4,-0.42,0.0,0.02,-0.20038817022068967,-0.5178929793482759,0.9707868210344827,3
1984,MAR,-0.52,-0.4,-0.34,-0.46,0.02,-0.9586402480580645,0.2944931854870968,1.1145052238709678,8
1984,APR,-0.68,0.6,-0.43,-0.59,0.5,0.02606227463333334,-0.21817958680133331,0.9875518263333334,3
1984,MAY,-0.73,0.3,-0.51,-0.5,-0.4,-0.0007068354451612885,0.38306768124838714,0.5988378038709677,7
1984,JUN,-0.9,-0.6,-0.45,-0.62,-0.33,0.340853048085,0.6558140722966667,0.9397037393866667,6
1984,JUL,-0.5,0.3,-0.3,-0.17,-0.42,0.14113534563225807,0.5411522738719355,1.0804282022580645,6
1984,AUG,-0.24,0.7,-0.16,0.11,-0.25,0.6842389584225806,1.373123024148387,1.601658936451613,6
1984,SEP,-0.34,0.2,-0.24,-0.16,-0.34,-0.6461709166199999,0.3342417769466667,1.0630775066666667,8
1984,OCT,-0.67,-0.5,-0.56,-0.4,-0.33,-0.29489538738064514,0.6704498044612904,1.2993950003225807,7
1984,NOV,-1.19,0.4,-0.92,-0.98,-0.42,-1.01624715473,-1.4571046816666666,2.1089026766666668,1
1984,DEC,-1.34,-0.2,-1.14,-1.1,-0.19,0.7295308723483871,-0.19956883965161293,1.0852704222580645,4
1985,JAN,-1.16,-0.5,-1.04,-0.91,0.06,-1.0565430102387097,0.07708085248064515,1.5490846358064516,8
1985,FEB,-0.72,2.0,-0.85,-0.46,-0.02,1.8035944939607143,-1.0300451864285713,3.0358903535714283,3
1985,MAR,-0.79,1.3,-0.77,-0.45,-0.07,-0.3815975864451613,0.9723197652290322,1.44794103,8
1985,APR,-1.18,1.9,-0.78,-0.92,-0.14,0.32163892672666666,-0.03134130866666667,1.2419271546666666,2
1985,MAY,-1.03,0.7,-0.78,-0.69,0.03,0.07722473797741937,-0.21916522736451613,1.008298991935484,2
1985,JUN,-0.91,-0.6,-0.63,-0.53,-0.44,0.6601976577666666,0.60114373189,1.35063115234,5
1985,JUL,-0.74,-0.2,-0.49,-0.38,0.11,-0.5206473064225807,-0.007260312703225804,0.669351545483871,1
1985,AUG,-0.56,1.6,-0.46,-0.15,-0.02,0.06333656782516128,-0.14187857986774194,0.4792799857580646,4
1985,SEP,-0.7,0.0,-0.4,-0.38,0.01,-0.41262328801666665,-0.012852646973333333,0.53988579226,1
1985,OCT,-0.49,-0.6,-0.35,-0.11,-0.25,-0.8567023551967742,0.40772320128387096,1.4316176822580644,6
1985,NOV,-0.37,-0.3,-0.27,-0.05,0.5,0.1789804430036667,0.007206359660000006,1.6309367590000001,7
1985,DEC,-0.41,0.4,-0.36,-0.12,0.23,-0.16797004538064517,-0.1493700629935484,0.7487964512903226,1
1986,JAN,-0.66,1.6,-0.49,-0.35,0.13,1.1374613851774193,-0.33078016291935486,2.3874909677419356,3
1986,FEB,-0.71,-1.7,-0.47,-0.55,0.22,-0.6178745946307143,0.22814526103928573,0.8936003021678571,8
1986,MAR,-0.42,0.8,-0.31,-0.1,0.53,0.41309114390322577,-1.6148772461290322,2.2457286967741936,2
1986,APR,-0.33,0.5,-0.2,0.02,0.31,0.09290497054666666,0.8427792132966666,1.1433316736666665,6
1986,MAY,-0.53,-0.4,-0.12,-0.28,0.17,-0.2532756738709677,1.0254295897064516,1.714687411935484,6
1986,JUN,-0.31,1.6,-0.04,-0.03,0.12,0.48179456869,0.14428266377666668,1.5753875636666668,2
1986,JUL,-0.11,0.5,0.22,0.15,-0.2,0.047416388741935496,0.44183656196129034,0.9115931906451612,7
1986,AUG,0.32,-0.6,0.44,0.67,0.26,0.1872671,1.073971509648387,1.5441499738709676,6
1986,SEP,0.53,-0.8,0.71,0.91,0.55,0.18767542055000003,-0.13695301836999998,1.2425125639999999,3
1986,OCT,0.81,1.1,0.94,1.16,0.04,-0.1374678316,-0.8735824784419355,1.02212198,2
1986,NOV,1.01,-2.0,1.14,1.37,0.65,0.23258862533333333,-0.16153345491667997,1.9165936733333335,4
1986,DEC,1.12,-2.4,1.22,1.56,-0.02,-0.7086012870967742,-0.4304807520096774,0.9327862603225806,1
1987,JAN,1.14,-1.1,1.23,1.54,0.03,0.36258140743548384,-0.8003528023645161,1.0033552251612903,3
1987,FEB,1.13,-2.1,1.19,1.59,-0.21,-0.09102098549321427,1.4235188950000002,1.4592089207142858,7
1987,MAR,0.98,-2.1,1.06,1.3,-0.26,-0.7999275793612903,-0.6769973864516129,1.6611699132258064,1
1987,APR,0.58,-2.3,0.95,0.89,-0.5,-0.4491008303333333,0.16821637922333332,1.1510604663333335,8
1987,MAY,0.62,-2.1,0.97,0.71,0.03,-0.5912705783225806,-0.04086018447741936,1.4071991974193547,7
1987,JUN,0.92,-1.8,1.22,1.06,-0.01,0.95350520409,0.038074405312333325,1.2242250996666668,5
1987,JUL,1.29,-2.2,1.51,1.37,-0.24,-0.5358177657235484,0.36844308214516125,1.0926803877419355,7
1987,AUG,1.57,-1.5,1.7,1.59,0.2,0.5358127992967742,-1.0349530157903226,1.9325728870967742,4
1987,SEP,1.65,-1.7,1.65,1.68,0.26,0.5718520533436667,-0.5712664760266667,1.2351589413333335,4
1987,OCT,1.24,-0.6,1.48,1.18,0.24,0.5540051558064516,-0.41457979354548385,0.9263169303225807,4
1987,NOV,1.07,0.0,1.25,0.94,0,1.2149596384069998,0.16363020906666667,1.796750200333333,6
1987,DEC,0.94,-0.8,1.11,0.95,-0.01,0.5041553212967742,0.4903434896580645,1.5608294738451614,7
1988,JAN,0.9,-0.2,0.81,0.88,0.26,-0.36073891061935487,-0.8158036815290323,1.3736145483870967,8
1988,FEB,0.28,-0.6,0.54,0.11,-0.11,-0.8323223444793103,1.1828199600068965,1.9930998237931035,6
1988,MAR,0.1,1.1,0.14,-0.09,0.05,0.38358045419354836,-1.0667726125806452,2.8146703032258067,1
1988,APR,-0.44,0.2,-0.31,-0.66,0.21,-1.1763465136533333,0.13898655932666668,1.9655137083333334,2
1988,MAY,-1.25,1.5,-0.88,-1.52,-0.63,0.35654154421,-0.08583076677419353,1.2091317461290323,3
1988,JUN,-1.74,0.1,-1.3,-1.94,-0.14,-0.7709450599200001,-0.22984046270333333,0.9826823632166667,8
1988,JUL,-1.74,1.7,-1.3,-1.8,0,-0.18334319556451614,-0.30750160418709677,0.8084525750774193,1
1988,AUG,-1.19,2.5,-1.11,-1.19,-0.09,-0.7028026735483871,-0.7038548380645161,1.1006528670967743,1
1988,SEP,-1.0,3.0,-1.19,-0.96,-0.53,0.6965703772766666,-0.20859827405399997,1.2709277959166667,4
1988,OCT,-1.9,2.3,-1.48,-1.94,-0.64,0.5529855609677419,1.2445126012903227,1.5713871932258063,6
1988,NOV,-2.05,2.8,-1.8,-2.0,-0.41,0.23995780098333333,0.2812797076666667,0.6991197353333334,6
1988,DEC,-1.96,2.0,-1.85,-1.87,0.01,-0.33777252179838707,0.49047332263225807,0.8415740019354839,6
1989,JAN,-1.97,2.5,-1.69,-1.89,-0.43,-0.18960393488709676,-0.9421571667451614,1.8410741903225807,2
1989,FEB,-1.47,2.0,-1.43,-1.34,0.22,-0.28592155265357144,0.5756778210714285,1.0350100396428572,7
1989,MAR,-1.21,1.8,-1.08,-1.03,-0.13,-0.8042513355219355,0.12335397061935484,1.1888569729032257,8
1989,APR,-1.08,2.7,-0.83,-0.92,-0.07,0.59934318167,0.5119626643333334,1.52454488,6
1989,MAY,-0.88,2.0,-0.58,-0.6,-0.39,0.37389293032806453,0.11209336518064515,1.2626754829032258,5
1989,JUN,-0.59,1.2,-0.4,-0.28,-0.64,-0.08648831022666667,0.21807868134133332,0.8109816980000001,7
1989,JUL,-0.57,1.5,-0.31,-0.41,0.01,0.15993031436451613,0.22419020612903226,1.1306545196774194,3
1989,AUG,-0.53,-0.5,-0.27,-0.36,-0.63,-0.15618981389935482,0.04244168397387098,0.5617270645290323,2
1989,SEP,-0.3,0.8,-0.24,-0.13,-0.5,-0.6179317941753334,-0.7395093040033333,1.1059220063333333,2
1989,OCT,-0.4,1.3,-0.22,-0.23,-0.8,0.8325813784,0.014147773225806461,1.228520914516129,4
1989,NOV,-0.45,-0.4,-0.16,-0.29,-0.38,-0.22914298068,0.7621877249766666,1.116559016,8
1989,DEC,-0.13,-0.9,-0.05,0.08,-0.32,-0.6880114164516129,-0.23567582806451612,1.3171710629032258,8
1990,JAN,0.01,-0.1,0.14,0.31,0.44,1.2782313661419356,0.05932490870967741,2.037957725806452,3
1990,FEB,0.21,-3.0,0.21,0.33,-0.09,-0.6222023392964287,-0.21076791071785714,1.5582885642857143,1
1990,MAR,0.04,-0.7,0.28,0.23,0.01,0.8023649258064516,0.8723031951612903,2.3139022838709677,7
1990,APR,0.08,0.3,0.29,0.25,-0.22,0.2513871133166667,-0.17671790966566667,1.81234366,1
1990,MAY,0.08,2.0,0.29,0.28,-0.63,0.1587405534480645,-0.9306499902258064,1.4207266366645162,4
1990,JUN,-0.08,0.5,0.31,0.11,-0.46,0.02566659499033334,0.34415961856666666,0.7040596286666666,6
1990,JUL,0.09,0.9,0.33,0.28,0.05,-0.5286140624170969,-0.08372880627129033,0.7642434731967742,1
1990,AUG,0.22,-0.3,0.38,0.41,-0.36,0.3439192745516129,0.5624949031870968,0.8801470647322581,6
1990,SEP,0.22,-1.2,0.39,0.43,-0.5,-0.09984429156753333,-0.6944151872933334,0.775732242,3
1990,OCT,0.21,0.4,0.35,0.34,-1.14,-0.6363118074193548,-0.7797371133290322,1.4201894870967744,1
1990,NOV,0.1,-0.8,0.4,0.26,-0.69,-0.20169880433333331,0.5749754626403334,1.424784573,7
1990,DEC,0.35,-0.4,0.41,0.55,-0.35,-0.28060582836451614,-0.10653861382258065,1.3320884206451613,7
1991,JAN,0.49,1.0,0.41,0.68,0.07,0.5081587497193548,-0.2768898333548387,0.9337219903419355,5
1991,FEB,0.32,0.4,0.26,0.56,0.09,0.8126367110714285,0.7439550728571429,1.223992427142857,5
1991,MAR,0.03,-1.1,0.22,0.25,-0.06,-0.5391900619258065,-0.368003534816129,1.0113000977419355,2
1991,APR,0.19,-1.0,0.26,0.39,0.76,0.7348467839366666,-0.3908778036533333,1.0739849003333333,4
1991,MAY,0.26,-1.7,0.45,0.43,0.9,-0.8807247232248386,-0.28060765967741935,1.7693103548387097,2
1991,JUN,0.52,-0.2,0.64,0.68,0.49,-0.2501429750033333,0.3631515116633333,1.4334286633333333,5
1991,JUL,0.76,0.0,0.73,0.89,0.32,-0.07632641984193547,0.24388725498064517,0.6487244419290323,6
1991,AUG,0.68,-0.7,0.64,0.86,-0.09,0.9728734332709678,0.06810023699677419,1.2953001661290322,5
1991,SEP,0.42,-2.5,0.62,0.64,0.26,-0.18880047,0.98248433823,1.3728957676666667,8
1991,OCT,0.86,-1.7,0.79,1.24,0.18,0.05596110215483871,-0.6442921260419355,1.178374520967742,3
1991,NOV,1.2,-1.1,1.21,1.63,0.28,-0.5601055449400001,0.57465889361,0.9235051,7
1991,DEC,1.69,-2.9,1.53,2.22,0.3,-0.7330222151032258,-0.2325265558064516,1.6881640335483872,8
1992,JAN,1.84,-4.7,1.71,2.39,-0.43,-1.1910690629290324,0.4753392543293548,1.7135948906451612,1
1992,FEB,1.78,-1.5,1.63,2.34,-0.69,0.46536103620689656,-0.26299283816103447,1.0900719717241378,4
1992,MAR,1.38,-3.3,1.48,1.99,-0.61,-0.1423320835548387,0.02986028165161292,1.5111300558064518,8
1992,APR,1.2,-1.7,1.29,1.79,-0.29,0.5220340684966667,0.14472864199333332,1.3064477013333333,6
1992,MAY,1.04,0.4,1.06,1.41,-0.38,0.5382167269806452,-0.03938340904838711,0.957122006535484,3
1992,JUN,0.58,-1.0,0.73,0.84,-0.85,0.47904808538800003,-0.44916925688333337,1.0309609286666666,3
1992,JUL,0.22,-1.0,0.37,0.44,-0.56,-0.2072185405451613,-0.7580151696774194,1.032042581935484,3
1992,AUG,0.05,0.6,0.09,0.33,-1.02,0.4996024365193549,0.3955974666870968,0.7930089680645162,5
1992,SEP,-0.06,0.1,-0.13,0.18,-0.72,-0.38476886700966667,0.328228963,1.1277177353333334,7
1992,OCT,-0.3,-2.3,-0.25,-0.05,-0.61,0.774586106848387,0.03391454301290321,1.2401599732258064,3
1992,NOV,-0.28,-1.1,-0.28,0.07,-0.15,-0.89985249664,-0.037723181403333333,1.1533581916666666,1
1992,DEC,-0.15,-0.9,-0.13,0.22,-0.29,-0.26946155792903226,0.05464177370645162,0.7545573838516129,7
1993,JAN,0.14,-1.5,0.09,0.48,-0.02,-0.3354247748096774,-0.4484552306387096,2.5455803032258064,3
1993,FEB,0.41,-1.2,0.3,0.81,-0.07,-0.09338675434285713,0.7027797522678572,1.2363882235714285,7
1993,MAR,0.39,-0.8,0.5,0.78,-0.4,0.6489928825758065,-0.59587813,1.1552838719354837,3
1993,APR,0.59,-1.9,0.67,1.01,-0.18,0.13356402632833336,0.18364166744,0.7601906326666668,8
1993,MAY,0.78,-0.6,0.7,1.11,0.22,-0.3005826427032258,-0.5137682922903226,0.9659904167741935,1
1993,JUN,0.35,-1.4,0.57,0.56,0.19,-0.533574231,0.08827616622666666,1.5129156700000002,8
1993,JUL,0.23,-1.3,0.32,0.47,0.47,0.29374089257419356,-0.1457672225,0.8503892948387097,5
1993,AUG,0.13,-1.6,0.25,0.43,-0.15,-0.20232520877741936,0.3777927184277419,0.9336245306,1
1993,SEP,0.35,-1.2,0.15,0.63,-0.38,0.0437897146055,-0.32318934996,0.4647173026666666,2
1993,OCT,0.06,-1.8,0.1,0.32,-0.31,-0.3443615072709677,0.3524393296451613,1.039189420967742,4
1993,NOV,0.0,-0.1,0.04,0.15,-0.22,-0.07412957125666667,-1.0324766930433333,1.347927876,2
1993,DEC,0.16,0.3,0.06,0.36,-0.19,0.8613168458064516,-0.011402418387096772,1.1593436987096775,4
1994,JAN,0.1,-0.2,0.06,0.31,0.2,0.1830259499903226,-0.2861912121451613,0.7242473929032258,4
1994,FEB,0.06,0.4,0.07,0.29,-0.05,1.0442384909928573,-0.21191764750000003,2.13854105,3
1994,MAR,0.11,-1.1,0.17,0.39,-0.23,-0.24744168577741935,-0.12742276995129032,0.7478716503225806,8
1994,APR,0.26,-2.1,0.31,0.6,0.28,-0.31698105931066667,0.24813781146,0.692822098,7
1994,MAY,0.31,-1.1,0.42,0.63,0.74,-0.6633779364516129,0.8656401425483871,1.6855618445161291,6
1994,JUN,0.32,-0.7,0.41,0.68,0.43,-0.06722935012,0.0995171279937,0.9438176643333333,1
1994,JUL,0.24,-2.2,0.44,0.61,0.72,0.14643016417741936,0.7615383313354839,0.9770992674193548,6
1994,AUG,0.53,-2.0,0.43,0.93,1.13,-0.3764635460867742,-0.08598523197096775,0.600948133816129,1
1994,SEP,0.48,-2.6,0.55,0.9,0.97,-0.4176764968566667,1.1040821103333334,1.6379502946666666,6
1994,OCT,0.75,-1.9,0.74,1.02,1.43,-0.8886794189387097,-0.6245039238290322,1.3548562258064516,1
1994,NOV,1.11,-0.9,1.01,1.4,0.19,-0.22089962742333333,-1.0043070003333334,1.3418596026666667,2
1994,DEC,1.25,-2.0,1.09,1.61,0.03,0.8906406376193549,0.3177611648041936,1.5416114325806451,5
1995,JAN,1.02,-0.7,0.96,1.29,-0.01,0.9712948684419355,-0.36357042641935483,1.406176635483871,4
1995,FEB,0.73,-0.2,0.72,0.9,0.53,0.6581923877714286,-0.5286273084178571,1.0510041475,3
1995,MAR,0.46,1.2,0.53,0.66,0.3,0.42077981612903226,0.02409026386451614,1.4763422238709676,1
1995,APR,0.28,-1.1,0.3,0.47,0.31,-0.6670206600966666,0.28456791370633333,1.3071490456666666,1
1995,MAY,-0.11,-0.6,0.14,-0.02,-0.02,-0.45957285675806453,0.01873054973870969,1.5533574229032259,8
1995,JUN,-0.14,0.2,-0.03,-0.15,-0.07,-0.3500518866366667,-0.6212156832166666,0.8386585686666667,2
1995,JUL,-0.21,0.7,-0.24,-0.21,-0.57,-0.461962352916129,-0.830325252716129,1.3968855583870967,2
1995,AUG,-0.63,0.5,-0.54,-0.59,-0.59,-0.2951686780741935,-0.968585166451613,1.3320209096774194,2
1995,SEP,-0.84,0.4,-0.81,-0.79,-0.29,0.6259263236566668,0.5691206999033334,1.0134717556666666,5
1995,OCT,-0.88,0.0,-0.97,-0.82,-0.44,0.060817238077419365,0.3800361213516129,0.6955068448903226,7
1995,NOV,-1.1,0.1,-1.0,-1.13,-0.71,1.102277459,0.39716652522333334,1.3777157263333335,4
1995,DEC,-0.95,-0.8,-0.98,-0.91,0.02,-0.5618364905816129,1.0037406389741936,1.358112748064516,7
1996,JAN,-0.86,1.6,-0.9,-0.79,0.36,-0.2405102364645161,-0.43626234837741934,0.8677221958064516,1
1996,FEB,-0.86,0.4,-0.75,-0.91,0.2,0.0952281320448276,-0.33936557796551725,0.7548628566448276,2
1996,MAR,-0.61,1.9,-0.59,-0.61,-0.24,-0.23723699482774194,-0.4550981132258065,1.839944168387097,7
1996,APR,-0.47,1.3,-0.39,-0.35,-0.88,0.6288235620399999,-0.004575684981333341,1.0315153933333334,4
1996,MAY,-0.38,0.5,-0.31,-0.21,-0.46,-0.44343113226451614,0.7693373222516129,1.6076845519354839,7
1996,JUN,-0.44,1.9,-0.3,-0.33,-0.75,-0.1956017793433333,-0.46550756133,1.5769545686666668,3
1996,JUL,-0.44,1.1,-0.27,-0.32,-0.56,0.42666106546774196,0.45810042871935486,1.590457191935484,6
1996,AUG,-0.22,1.2,-0.32,-0.06,-0.96,-0.16084203007096773,-0.3692913912709678,1.0089208741935483,3
1996,SEP,-0.45,1.0,-0.35,-0.35,-0.82,0.5210126060483333,0.6448352875666666,1.0609203293333334,5
1996,OCT,-0.44,1.0,-0.4,-0.27,-1.09,-0.2074340742064516,-0.1782442742548387,0.9030675464516129,1
1996,NOV,-0.41,-0.1,-0.45,-0.2,-0.75,-0.3694326746666667,0.43824680837666663,1.7494906476666665,5
1996,DEC,-0.64,1.5,-0.49,-0.43,-0.3,0.7793740730096774,0.5683804435483871,2.181087715483871,3
1997,JAN,-0.53,0.8,-0.5,-0.25,-0.01,-0.44335961616451613,0.12708967017419354,1.2290671322580646,8
1997,FEB,-0.37,2.9,-0.36,-0.06,0.32,1.4871266439285713,-0.33865863892857145,2.0139664214285715,4
1997,MAR,-0.25,-0.7,-0.1,0.03,0.1,-1.1953488306451612,1.509443014251613,3.1540128967741934,6
1997,APR,0.16,-1.0,0.28,0.54,0.08,-0.69478832872,-0.4876648996666667,1.5166102756666668,2
1997,MAY,0.64,-2.2,0.75,0.98,-0.04,0.2586714416677419,0.6871592119848386,1.8600327158064518,7
1997,JUN,1.09,-2.3,1.22,1.33,0.14,-1.2816443795666668,-0.5919170643333334,2.0743188526666665,2
1997,JUL,1.56,-1.2,1.6,1.71,0.54,0.8421569380158064,-0.6282477326,1.454948638064516,4
1997,AUG,1.89,-2.4,1.9,2.04,0.35,0.28866500374838705,0.08139847139032258,0.6394336803225806,4
1997,SEP,2.13,-2.4,2.14,2.26,0.74,-0.15306942021,-0.5033370187216667,0.6637266016666667,2
1997,OCT,2.36,-2.4,2.33,2.44,0.99,-0.37792374169032256,0.01721560487741935,0.8330919136193549,7
1997,NOV,2.41,-2.0,2.4,2.43,1.55,-0.44386416533333334,-0.6477301260533334,1.1042485676666667,1
1997,DEC,2.29,-1.6,2.39,2.22,1.07,0.26556546453841934,-0.564441167428871,1.1202297012903224,2
1998,JAN,2.38,-4.4,2.24,2.37,0.77,-0.4250131767580645,0.25299507837741936,1.1190308054838711,8
1998,FEB,2.03,-3.4,1.93,1.89,0.13,-0.08346081553571429,-0.8010313221821429,1.0981855267857143,2
1998,MAR,1.34,-4.0,1.44,1.19,-0.16,-0.06647706792451613,0.1495033012967742,0.7431860038709677,7
1998,APR,0.78,-2.4,0.99,0.67,0.07,0.18091188230366667,-0.4727148707366667,0.9705981949800001,3
1998,MAY,0.57,0.4,0.45,0.45,-0.02,1.355640263548387,-0.00018506774193547654,2.0080821048387096,5
1998,JUN,-0.39,1.6,-0.13,-0.69,-0.19,0.647388283007,-0.3829781335333333,0.921335034,4
1998,JUL,-0.99,2.0,-0.78,-1.25,-0.84,-0.15037656515806452,-0.5500180512948387,0.75393639,2
1998,AUG,-1.28,1.9,-1.12,-1.56,-0.75,-0.6662829444096774,-0.34024437556774195,1.00514719,2
1998,SEP,-1.26,1.7,-1.31,-1.4,-0.58,-0.01565220233333333,-0.19676572500666667,1.4218518516666667,8
1998,OCT,-1.46,1.8,-1.35,-1.6,-0.77,0.8523537905999999,0.5441432118670968,1.2006599729032257,5
1998,NOV,-1.46,1.7,-1.48,-1.56,-0.87,0.7713501563306667,1.1162013007353333,1.5365223635833334,6
1998,DEC,-1.69,2.3,-1.57,-1.73,-0.43,0.2504838837667742,0.15453773618064515,0.73079313,7
1999,JAN,-1.69,3.0,-1.55,-1.65,-0.46,-0.21990875903354837,-0.17884775576451614,1.417045455483871,8
1999,FEB,-1.32,1.6,-1.3,-1.26,-0.13,-0.6577259989428572,0.9948537910714286,1.6669823164285715,6
1999,MAR,-0.95,2.1,-1.07,-0.93,0.12,0.2438193899816129,-1.204964153783871,1.3951145809677419,2
1999,APR,-1.11,2.3,-0.98,-1.07,-0.16,0.30782044701333333,0.56289342241,1.1522467250000001,5
1999,MAY,-1.15,0.4,-1.02,-1.0,-0.27,-0.7840047987354839,0.01871184602645162,1.2344164522580645,1
1999,JUN,-1.19,0.4,-1.04,-0.96,-0.03,-1.0069880693303335,0.5916982159913334,1.3425115920000001,8
1999,JUL,-1.17,0.9,-1.1,-1.0,0.23,0.21556086461290322,-0.08132219731935483,0.8880601312903226,4
1999,AUG,-1.22,0.6,-1.11,-1.01,0.21,-0.42660058447096777,-0.36504296073548387,0.8218440292580644,1
1999,SEP,-1.09,-0.1,-1.16,-0.89,0.1,-0.9721630008866666,-0.2933694766,1.224314593,1
1999,OCT,-1.23,1.6,-1.26,-1.02,-0.51,0.21822427506451614,-0.7088658831548387,1.1313217996774194,2
1999,NOV,-1.58,1.7,-1.46,-1.43,-0.18,0.252082734015,0.7232517853833333,1.409549706,6
1999,DEC,-1.74,2.4,-1.65,-1.7,-0.02,0.4852424251032258,0.4299946362548387,1.1869572570967741,7
2000,JAN,-1.77,1.1,-1.66,-1.73,-0.01,0.056908655899999994,-0.17658290443548386,0.6000893251612903,1
2000,FEB,-1.55,2.7,-1.41,-1.58,0.52,0.6325463114206896,-0.6444597513120689,1.1428570703448275,4
2000,MAR,-0.98,2.2,-1.07,-0.9,0.76,0.12947816,-0.09064976967096774,0.9157557180645162,5
2000,APR,-0.87,2.0,-0.81,-0.78,0.18,0.7181922587133334,0.07692957455666667,0.9053602656666667,4
2000,MAY,-0.86,0.6,-0.71,-0.66,0.33,-0.2896479320248387,0.6763997787278386,0.9960924206451613,7
2000,JUN,-0.79,-0.3,-0.64,-0.44,0.03,-0.39053426746666664,-0.0611151631095,0.7017651786833333,1
2000,JUL,-0.67,-0.3,-0.55,-0.39,0.13,-0.4805366612967742,0.7152119245003226,1.5948303687096774,8
2000,AUG,-0.49,1.2,-0.51,-0.3,-0.1,0.5455449929838709,0.30512133841290323,1.62711539,5
2000,SEP,-0.52,1.4,-0.55,-0.43,-0.02,-0.982031662,-0.23218355296999998,1.278711512,8
2000,OCT,-0.7,1.8,-0.63,-0.62,-0.21,0.958750485183871,0.3563142616129032,1.5696261258064517,5
2000,NOV,-0.79,3.0,-0.75,-0.68,0,0.25257673865333335,-0.47212582754,1.6378827666666667,3
2000,DEC,-0.92,1.3,-0.74,-0.77,0.14,0.21072580791387097,0.3060687983877419,1.1626311996774195,3
2001,JAN,-0.73,1.6,-0.68,-0.6,0.13,0.1740101177348387,-1.6957735529032258,1.8043092477419354,3
2001,FEB,-0.63,2.8,-0.52,-0.53,0.43,0.9619773524999999,1.0960262,2.3275103500000003,6
2001,MAR,-0.48,1.5,-0.44,-0.5,0.4,-0.156295993783871,0.1873979753483871,0.6080977735483871,7
2001,APR,-0.49,0.3,-0.34,-0.55,-0.02,0.09453030191666666,-0.24030757084466667,0.6858787033333333,4
2001,MAY,-0.34,-0.8,-0.25,-0.32,-0.36,-0.6471067742709677,0.6800858383870968,1.5366611332258064,6
2001,JUN,-0.19,0.5,-0.12,-0.14,-0.05,0.11081509562666667,-0.22542467759333332,0.8460881063833334,2
2001,JUL,-0.04,-0.3,-0.08,0.07,-0.74,-0.851145045535484,0.2344784942451613,1.4921871870967742,1
2001,AUG,-0.05,-0.7,-0.13,0.05,-0.39,0.45526904963870973,0.6208894148322581,1.397106648064516,7
2001,SEP,-0.2,0.3,-0.19,-0.12,-0.6,-0.56603033003,-0.7948263746833334,1.2181324733333334,2
2001,OCT,-0.14,-0.1,-0.29,-0.07,-0.69,0.031770651844967746,0.2265813335483871,1.3723289300000001,7
2001,NOV,-0.37,1.1,-0.35,-0.31,-0.23,0.5057259048830667,-0.16614662990333334,0.9614376696666667,3
2001,DEC,-0.41,-1.4,-0.31,-0.37,-0.03,-0.26145302161290324,1.2754435554838708,1.7203842838709678,7
2002,JAN,-0.15,0.7,-0.15,-0.11,-0.32,-0.13836397548387094,-0.8164514649548387,1.6998524758064517,2
2002,FEB,-0.04,1.8,0.03,0.05,0.2,0.44639045223214285,0.6439294724785715,1.0814431442857144,5
2002,MAR,0.01,-0.4,0.09,-0.02,-0.4,0.30036813999612905,-0.9551702646258065,1.3025143731387099,3
2002,APR,0.02,-0.1,0.2,-0.01,-0.4,-0.028844675873333336,-0.7083083335066667,0.8904978936033333,3
2002,MAY,0.31,-1.4,0.43,0.35,-0.54,-0.13596816677419354,0.6245750448387097,2.409133551612903,8
2002,JUN,0.72,-0.4,0.65,0.77,-0.22,0.267579826,-0.33883950002666663,1.8803833166666666,2
2002,JUL,0.74,-0.8,0.79,0.87,-0.25,-0.7084756239225807,1.1136073970419356,1.7221574980645162,8
2002,AUG,0.87,-1.6,0.86,1.07,-0.4,0.1104332148451613,0.33628540899677417,1.4202360319354839,8
2002,SEP,1.09,-1.0,1.01,1.31,0.54,-0.24260042784333333,-0.20548776733333335,0.7018471730000001,2
2002,OCT,1.25,-0.6,1.21,1.41,0.54,-0.11822562927748385,-0.26703078187419355,0.8933860990322581,5
2002,NOV,1.47,-0.7,1.31,1.6,0.23,0.8741137343866666,-0.9908627828800001,2.25046865,3
2002,DEC,1.37,-1.8,1.14,1.41,-0.24,-0.296779645483871,-0.6546369004419355,1.8575260422580646,1
2003,JAN,0.6,-0.3,0.92,0.56,-0.35,0.08286667359064516,0.34958196678225806,0.8134987815870968,5
2003,FEB,0.64,-1.1,0.63,0.6,0.22,0.19585659046785714,-0.07033133399285715,0.7148255028571429,4
2003,MAR,0.36,-0.5,0.38,0.31,0.27,-0.16739463284193548,-0.12884270599677422,1.4626752464516128,5
2003,APR,-0.14,-0.2,-0.04,-0.25,0.09,-0.20439803467,-0.12653354433333333,1.1874197433333333,2
2003,MAY,-0.61,-0.5,-0.26,-0.74,0.24,0.3540167361290323,0.9282113464516129,2.245336555483871,7
2003,JUN,-0.29,-1.0,-0.16,-0.3,0.36,-1.4472028160000001,-0.3827931888766667,1.65106069,1
2003,JUL,0.21,0.5,0.08,0.17,0.32,-0.08422332153322581,-0.3310626720419355,0.9928557990322581,2
2003,AUG,0.26,0.2,0.21,0.14,0.4,0.17464520780645162,0.007823660253870969,0.6039936987096773,6
2003,SEP,0.27,-0.2,0.26,0.16,-0.08,0.5530458152059999,-0.011511832369999997,0.7902776976666667,4
2003,OCT,0.42,0.0,0.29,0.27,-0.19,0.4135515316129032,0.505929905783871,1.2216482238709676,5
2003,NOV,0.33,-0.5,0.35,0.25,-0.32,-0.0661061741585,-0.12247123529843333,0.49874167021000004,8
2003,DEC,0.43,1.8,0.35,0.44,0.07,0.6465923794129033,0.03476951519203225,1.8000867477419356,3
2004,JAN,0.27,-2.2,0.37,0.19,-0.02,-0.8855522048032258,-0.017209499590322554,2.246038609677419,8
2004,FEB,0.23,2.0,0.31,0.12,0.04,1.062353516386207,0.20457539697931035,1.4791189124137931,6
2004,MAR,0.12,0.7,0.23,0.12,0.15,0.8977329190709677,0.7232177222580645,2.1767354612903227,4
2004,APR,0.07,-1.5,0.17,0.08,0,-0.6227684788633333,-0.4042804271166667,1.2874256193333333,2
2004,MAY,0.06,1.7,0.17,0.28,-0.59,0.27077409280000003,-0.507801964816129,1.4382904767741935,1
2004,JUN,0.13,-1.4,0.28,0.4,-0.47,-0.17851440262999999,0.6211063072066667,1.0188708323333333,7
2004,JUL,0.49,-0.8,0.47,0.68,-0.3,-1.3678149112645162,-0.44754459908387095,1.6112249593548387,1
2004,AUG,0.76,-0.5,0.64,0.92,0.05,-0.15690964643516128,0.7954275266451613,1.2484562670967743,6
2004,SEP,0.81,-0.6,0.7,0.87,0.09,-0.4293023066566667,-1.214743688,1.4384542359999999,2
2004,OCT,0.73,-0.1,0.67,0.78,0.02,-0.07640268230000001,-0.010865098387096773,1.54811694,5
2004,NOV,0.66,-1.1,0.66,0.66,-0.07,0.09850197702333334,-0.30024202450000004,0.558687573,3
2004,DEC,0.74,-1.3,0.69,0.74,-0.11,0.22643075343225808,-0.10495353774580647,0.7194164974193549,6
2005,JAN,0.66,0.6,0.64,0.61,-0.28,0.5548075808193548,0.5146134638451613,1.203385613832258,6
2005,FEB,0.36,-5.2,0.58,0.3,-0.79,-0.517125935125,1.1805604542857144,1.5145378439285715,7
2005,MAR,0.45,0.5,0.45,0.37,-0.71,-0.3092096970322581,-0.7818769002516129,1.7757296806451612,8
2005,APR,0.26,-1.0,0.43,0.25,0.13,0.28697206315,0.141962644,2.6446991,8
2005,MAY,0.3,-1.3,0.29,0.3,0.11,0.18035705772580646,-0.06816377344516132,1.8156324893548388,4
2005,JUN,0.04,0.7,0.11,0.05,-0.16,-0.028836471679999993,-0.47966045061333334,0.7345759723333334,2
2005,JUL,-0.23,0.3,-0.06,-0.26,-0.52,-0.04334865806451613,-0.5174850651835484,1.0290815029032259,2
2005,AUG,-0.05,-0.6,-0.14,-0.09,-0.46,-0.24146400728064515,0.07278299581612903,0.939736100967742,1
2005,SEP,-0.04,0.6,-0.11,0.0,-0.73,0.79775427013,0.11178200007000001,1.522602815,8
2005,OCT,-0.06,2.0,-0.29,0.02,-0.71,0.30917808580645156,-0.36794451479354834,1.0373357177419353,4
2005,NOV,-0.59,-0.3,-0.57,-0.55,-0.66,0.02587208017666666,0.40723373023666665,1.0062126816666666,6
2005,DEC,-0.92,0.0,-0.84,-0.98,-0.45,-0.11403057178580646,-0.2133819783387097,0.6440208229032258,1
2006,JAN,-0.91,2.7,-0.85,-1.01,-0.07,0.44822100896129036,0.4721050607903226,1.7294375064516128,5
2006,FEB,-0.67,0.2,-0.77,-0.8,-0.68,-0.8142484298964285,0.12063385447857143,1.6995880442857143,8
2006,MAR,-0.71,2.9,-0.57,-0.83,-0.22,0.7762172687903226,-0.03580917638064516,0.8061425020580646,4
2006,APR,-0.32,1.8,-0.37,-0.33,-0.07,0.525063489,0.240430164,0.9840533986666666,5
2006,MAY,-0.09,-0.8,-0.14,-0.09,-0.22,-0.7034215095309677,0.15650799921935482,1.1181375867741936,8
2006,JUN,0.0,-0.4,-0.03,0.0,-0.28,-0.63046759825,-0.44577367107966664,1.1171617263333333,1
2006,JUL,0.01,-1.0,0.1,0.02,0.19,-0.7323546298709678,0.5089349951774194,1.0984740158064517,7
2006,AUG,0.31,-1.7,0.3,0.32,0.31,-0.12274240410967742,-0.2036374000483871,0.9450053216129032,5
2006,SEP,0.6,-1.0,0.54,0.58,0.71,0.619570115,-0.8262761261393333,1.5086187580000001,3
2006,OCT,0.7,-2.1,0.77,0.71,0.94,-0.4295174820612903,0.5218024852064516,1.7489779667580645,1
2006,NOV,0.99,0.1,0.94,0.97,0.89,-0.3885008339066667,-0.5226116012583334,1.1893461453333332,1
2006,DEC,1.14,-0.5,0.94,1.14,0.46,0.4332584867516129,-1.201067003483871,1.4631380310096773,3
2007,JAN,0.7,-1.3,0.66,0.65,0.26,0.7263608001953226,0.7997295839741936,1.2701261521580645,6
2007,FEB,0.13,-0.1,0.22,0.02,-0.14,0.3069671026607143,-0.35953255090571423,1.1186876339285714,6
2007,MAR,-0.18,0.3,-0.12,-0.19,0.19,0.7497851686096774,0.9286768467741936,1.321150566451613,6
2007,APR,-0.32,-0.2,-0.32,-0.37,0.15,-0.45731462207,0.012591834249999986,0.8067391546666667,8
2007,MAY,-0.47,-0.2,-0.38,-0.51,0.42,-0.6023309765677419,0.1336003790064516,1.2340057027322582,1
2007,JUN,-0.35,0.9,-0.47,-0.43,0.34,0.03695088197,-0.576284198172,1.3529915246666666,2
2007,JUL,-0.59,-0.5,-0.56,-0.64,0.36,-0.6591500435319354,-0.16700990371935484,1.3795319935483872,1
2007,AUG,-0.72,0.7,-0.81,-0.69,0.36,-0.22479281056774192,-0.5642095683903225,0.8762567774193548,2
2007,SEP,-1.11,0.3,-1.07,-1.11,0.36,0.7918687607866667,0.14655561653666668,1.1761283893333332,5
2007,OCT,-1.39,1.2,-1.34,-1.35,0.04,-0.5123129247903225,0.29815734326129034,1.2009301141935484,8
2007,NOV,-1.54,1.4,-1.5,-1.39,-0.17,0.4572746976666667,1.0635493472366666,1.588934237,6
2007,DEC,-1.58,2.7,-1.6,-1.49,-0.25,-0.06172681972258066,-1.0270569306709678,2.0751771258064515,2
2008,JAN,-1.68,2.9,-1.64,-1.64,0.02,-0.2263464710516129,0.8613320725806451,1.8184795248387096,7
2008,FEB,-1.67,4.4,-1.52,-1.67,0.07,0.1616845725275862,0.03043632425931034,1.2379733358620688,1
2008,MAR,-1.21,2.4,-1.29,-1.16,0.1,-0.3919405361290323,-1.0078243883870968,1.8412203261290323,1
2008,APR,-0.99,1.1,-1.01,-0.95,-0.33,-0.40173440339,0.10057609087999998,0.8616907713333333,8
2008,MAY,-0.84,-0.1,-0.84,-0.75,0.16,-0.590938464516129,0.8256440139709678,1.7237106374193547,1
2008,JUN,-0.68,1.0,-0.61,-0.57,0.49,0.07242910655533333,-0.2620970557266667,0.953116955,3
2008,JUL,-0.3,0.5,-0.37,-0.19,0.79,-0.3521169206096774,-0.516571515741613,1.2312710548387096,1
2008,AUG,-0.13,1.7,-0.23,-0.12,0.42,-0.12820919722161292,-1.0656246294290321,1.211697393548387,2
2008,SEP,-0.25,2.0,-0.24,-0.32,0.06,0.9437854654133333,0.09843056766666666,1.4465834003333333,5
2008,OCT,-0.35,2.1,-0.35,-0.4,0.03,0.595113902383871,-0.5242389959517741,1.3736839277419355,4
2008,NOV,-0.46,2.2,-0.55,-0.47,-0.17,0.9153780751516667,0.48578852927,1.2276514546666666,5
2008,DEC,-0.86,2.4,-0.73,-0.94,-0.26,0.2653760390419355,0.6557456774645162,0.8991352851612903,6
2009,JAN,-0.89,1.8,-0.85,-0.97,-0.13,-0.4715566775648387,0.5542895793548387,1.3644628538709678,7
2009,FEB,-0.79,3.1,-0.79,-0.78,0.31,0.6888092525035715,0.09707066535714286,0.9907292532142857,5
2009,MAR,-0.69,0.7,-0.61,-0.8,0.39,-0.35595171798387093,0.33278851567096773,1.1326078929032257,8
2009,APR,-0.35,1.3,-0.33,-0.44,-0.03,0.21436253819666665,-0.1959387217933333,2.2441025066666667,2
2009,MAY,0.06,-0.2,0.01,-0.03,-0.13,-0.5128318909645161,0.8264769119354838,1.0808286461290324,7
2009,JUN,0.31,0.2,0.28,0.15,0.01,-0.7786559080613333,0.7245484260733334,1.4584701413333332,8
2009,JUL,0.48,0.4,0.45,0.28,-0.52,0.22974068096774194,0.01647262259677419,0.6150665787096774,5
2009,AUG,0.56,-0.3,0.58,0.34,-0.3,-0.5843878550348387,-0.45263333992258065,1.12875141,1
2009,SEP,0.68,0.5,0.71,0.54,-0.17,1.5242503043333333,-0.3829769264746667,1.6812911126666668,4
2009,OCT,0.89,-2.0,1.01,0.8,-0.1,-0.13084581866387096,0.09824202119354838,0.9675306593548387,8
2009,NOV,1.46,-1.0,1.36,1.48,-0.26,0.4179896298133333,-0.6200847808,1.78102768,3
2009,DEC,1.74,-1.2,1.56,1.75,0.14,-0.4326920208548387,-0.022057015235483857,1.2578152232258064,7
2010,JAN,1.52,-1.8,1.5,1.47,0.42,0.2791044248387097,0.3176923184245161,1.289910690967742,4
2010,FEB,1.25,-2.4,1.22,1.14,0.17,-0.9200341748907144,0.6520331681249999,1.3009368542857143,8
2010,MAR,0.9,-1.1,0.84,0.72,0.35,-0.005052918858064509,-0.6549279566870968,1.229541595483871,1
2010,APR,0.38,2.0,0.35,0.06,0.44,0.3099136056166667,0.21225313042000002,0.970552031,5
2010,MAY,-0.22,1.5,-0.17,-0.62,-0.21,0.030625127705806457,-0.44463197624516126,1.3091519658064517,4
2010,JUN,-0.69,0.6,-0.66,-1.04,-0.14,-0.792216218,-0.956073914,1.285590429,2
2010,JUL,-1.07,3.0,-1.05,-1.3,-0.17,-0.8688725159,-1.079194164616129,1.663601914516129,1
2010,AUG,-1.39,3.0,-1.35,-1.52,-0.34,-0.051409626149032245,-0.18104662879354838,0.747917844516129,1
2010,SEP,-1.6,3.7,-1.56,-1.71,-1.16,-0.293516875,-0.51242343669,0.8091414173333332,1
2010,OCT,-1.69,2.9,-1.64,-1.81,-1.07,0.8813428026945161,0.5014431545548388,1.3724983983870966,6
2010,NOV,-1.64,2.1,-1.64,-1.69,-0.99,-0.27015121909333334,0.17808033054766667,0.7180750344066666,2
2010,DEC,-1.6,4.8,-1.54,-1.65,-0.39,0.5584730367677418,0.23869572558387098,0.9818622567741935,5
2011,JAN,-1.54,3.8,-1.31,-1.53,-0.05,-0.2501306252225806,1.1297050422580646,1.5956191370967743,6
2011,FEB,-1.11,4.5,-1.04,-1.11,-0.03,-0.07877001855785715,0.3878240176035714,0.5124724357571429,7
2011,MAR,-0.93,4.2,-0.8,-0.92,0.17,0.2695681618187097,-0.1891480982096774,1.117857366129032,3
2011,APR,-0.77,3.1,-0.62,-0.73,0.01,-0.006507895473333332,0.3566064272766667,0.9413861176666667,7
2011,MAY,-0.52,0.6,-0.46,-0.43,-0.11,0.21060603676129033,0.7851085943677419,1.5436429977419355,5
2011,JUN,-0.38,0.4,-0.37,-0.28,0.06,0.14776642888,-0.18363111943500002,0.6791252076666666,2
2011,JUL,-0.43,1.6,-0.43,-0.3,-0.04,-0.3419471370967742,-0.12357657242580646,1.0109919648387098,1
2011,AUG,-0.65,0.7,-0.58,-0.56,0.03,-0.32438145404903224,-0.7259424446709677,1.011544473516129,2
2011,SEP,-0.8,1.7,-0.79,-0.67,0.37,0.45370670984,-0.31145429928333335,0.9066917783333334,3
2011,OCT,-1.05,1.2,-0.96,-0.99,0.47,-0.9770885948180644,-0.23471307838709676,1.8293501125806453,2
2011,NOV,-1.19,1.8,-1.02,-1.16,0.03,0.08573490687733333,-0.49809560566666666,1.4278005003333334,3
2011,DEC,-1.06,4.1,-0.92,-1.01,0.09,1.2528018945161292,0.038861887574193545,1.388414425483871,4
2012,JAN,-0.87,1.8,-0.72,-0.81,0.1,0.5890814328612903,0.7552332140419356,1.0838557522580645,6
2012,FEB,-0.67,0.8,-0.57,-0.64,-0.08,-0.7244076816482758,0.05802886387931032,1.9624444827586207,2
2012,MAR,-0.61,1.2,-0.46,-0.51,0.19,1.0052773462419353,0.7064935703225806,2.275805190322581,6
2012,APR,-0.5,-0.4,-0.36,-0.54,-0.44,-0.5014254780066667,0.069400100009,1.392764723,8
2012,MAY,-0.32,0.1,-0.17,-0.36,-0.69,-0.11933431484193548,0.2557807964935484,0.508314344516129,8
2012,JUN,0.02,-0.7,0.06,0.1,0,-0.5480528586666668,0.26888229231,1.5851710730000002,1
2012,JUL,0.25,-0.1,0.3,0.36,0.51,0.08486579964193548,-0.5020887674903226,1.0006735025806452,2
2012,AUG,0.47,-0.3,0.41,0.55,0.82,-0.4018407010129032,-0.721597503483871,1.4237936377419356,3
2012,SEP,0.38,0.4,0.41,0.4,0.52,0.9910321401100001,-0.08495794357000003,1.1895103533333333,5
2012,OCT,0.26,0.5,0.31,0.25,0.3,-0.1830810858387097,-0.13080938209032258,1.05932045,2
2012,NOV,0.16,0.4,0.13,0.06,0.05,0.26477487551333334,-0.03149789588666666,0.7542804866666667,6
2012,DEC,-0.25,-1.0,-0.1,-0.48,0.09,-0.3161356956,-0.5554139177096774,0.8817284803225806,1
2013,JAN,-0.53,-0.1,-0.29,-0.7,0.06,0.31135330581290316,1.3486391254064516,1.989185853870968,7
2013,FEB,-0.52,-0.4,-0.29,-0.72,-0.09,-0.10346311941785713,-0.2596529246428571,1.6343154739285715,1
2013,MAR,-0.25,2.5,-0.21,-0.4,-0.03,-0.03968132315161291,0.6642769769225806,1.208878878064516,6
2013,APR,-0.25,0.4,-0.19,-0.38,-0.15,0.21250469647999998,-0.2569721808985,0.9100850366666666,8
2013,MAY,-0.4,1.3,-0.27,-0.52,-0.62,-0.4131315256,-0.42255841887741935,1.196817595483871,1
2013,JUN,-0.42,2.0,-0.34,-0.42,-0.51,-0.21283242002666672,0.14999996465333335,1.2253081406666666,2
2013,JUL,-0.39,1.3,-0.35,-0.3,-0.36,-0.45744676235806453,-0.2797568237064516,0.8870305335483871,1
2013,AUG,-0.38,0.3,-0.28,-0.39,-0.22,-0.6815927915258064,0.16058763098064516,0.912353013548387,8
2013,SEP,-0.18,0.5,-0.21,-0.22,-0.34,0.4871012296666667,-0.026486073533333338,1.5937026506666667,5
2013,OCT,-0.2,-0.1,-0.13,-0.24,-0.22,0.3009698636677419,0.46800223815774195,0.8202488128741936,6
2013,NOV,-0.14,1.2,-0.1,-0.21,-0.06,0.18167717699666666,-0.31493187724033334,0.6853039573333334,3
2013,DEC,-0.17,0.1,-0.15,-0.23,-0.25,0.5729316777419354,-0.4512014307387097,1.0410569158064515,3
2014,JAN,-0.49,2.4,-0.28,-0.56,-0.15,0.4363722177967742,0.8749373446225807,1.1766352048387096,6
2014,FEB,-0.62,0.1,-0.32,-0.69,-0.07,0.151374487775,0.9642586768285714,1.4348881625,7
2014,MAR,-0.28,-1.5,-0.14,-0.33,-0.44,-1.1934016475193547,-0.018240884903225826,1.5816916796774194,1
2014,APR,0.08,1.3,0.15,0.03,-0.19,0.5408305632533333,0.20990536466666668,1.3192271676666667,6
2014,MAY,0.32,0.9,0.31,0.16,-0.08,-0.8917322724064516,-0.7326631229032258,1.4339224977419354,1
2014,JUN,0.23,0.3,0.23,0.0,-0.24,0.44784661457,-0.10785773033333333,1.108679051,4
2014,JUL,-0.06,-0.3,0.1,-0.2,-0.4,0.4699779743580645,0.7067503554064516,1.1528067432258065,6
2014,AUG,-0.03,-1.2,0.11,-0.19,-0.57,-0.7560971243354838,-0.7946374529032257,1.2150309538709676,2
2014,SEP,0.29,-1.2,0.28,0.14,-0.51,0.17847422350666667,-0.19285316543039002,0.649377995,4
2014,OCT,0.44,-1.0,0.54,0.28,-0.02,-0.448037041016129,-0.17012230507419354,0.9880874900000001,1
2014,NOV,0.75,-1.5,0.71,0.65,0.09,-0.1440806255366667,-0.8618941443866667,1.4682012086666667,3
2014,DEC,0.71,-0.9,0.77,0.61,-0.21,0.8296764707870967,-0.054006663832258064,1.3856411206451613,3
2015,JAN,0.51,-1.4,0.69,0.42,-0.36,0.551105740332258,1.1414397964580645,1.595519382903226,7
2015,FEB,0.42,0.4,0.61,0.31,-0.29,-0.18621894428571428,0.6619193020428572,0.8730502682142857,7
2015,MAR,0.47,-1.2,0.65,0.4,-0.05,-0.7758147538709678,0.9195735446645161,2.5235438870967744,8
2015,APR,0.7,-0.1,0.81,0.64,0.16,0.03508755514666666,-0.7018380850406667,0.9544394936666667,3
2015,MAY,0.92,-1.2,1.02,0.8,0.17,-0.48370766101612905,0.2475304392967742,0.7510026245161291,7
2015,JUN,1.18,-0.9,1.25,1.03,0.31,0.2611099226,-0.6273238446,1.9929203833333333,4
2015,JUL,1.46,-1.9,1.57,1.25,0.46,-0.8007875855064516,0.9579883016741936,1.837990334516129,7
2015,AUG,1.93,-2.4,1.91,1.72,0.51,-0.38151900383225806,0.4967828285967742,0.8428048241935484,8
2015,SEP,2.21,-2.7,2.21,1.95,0.72,-0.40975973642666663,0.10049515714333333,0.62977513528,8
2015,OCT,2.36,-2.8,2.47,2.12,0.51,-0.9814856670967742,-0.583368740716129,1.5348366948387098,8
2015,NOV,2.72,-0.8,2.64,2.48,0.44,0.2926911417316667,-1.7439856193333334,1.8664467500000002,3
2015,DEC,2.66,-0.9,2.75,2.41,0.04,1.277375299032258,0.1980840006548387,1.905701525483871,4
2016,JAN,2.57,-3.6,2.63,2.2,-0.22,-0.236282682083871,0.0893504818787097,1.397440465735484,7
2016,FEB,2.26,-3.2,2.28,2.06,-0.4,0.48967816665172414,1.008407021737931,2.0595920172413793,7
2016,MAR,1.62,-0.1,1.71,1.27,-0.24,-0.028425663158064513,0.2044010568451613,1.2421979758064514,8
2016,APR,0.91,-2.0,1.05,0.51,-0.21,-0.09785284619666665,-0.29576545587633335,0.6606036036666667,1
2016,MAY,0.3,0.7,0.49,-0.16,-0.53,0.5689049520741934,-0.8635225562174194,1.3503781812903226,3
2016,JUN,-0.03,1.1,0.0,-0.55,-0.76,0.5661642496933333,-0.7133492125633333,1.5598082686666668,4
2016,JUL,-0.48,0.7,-0.31,-0.97,-1.08,-0.14197812916451613,-0.5635171712483872,1.0086871877419354,2
2016,AUG,-0.58,1.2,-0.5,-1.05,-0.58,0.7320630941935484,1.0026968859451613,1.3634238690322582,6
2016,SEP,-0.58,2.0,-0.58,-0.98,-0.96,0.72801606316,-0.08192258236,0.9987363606666667,5
2016,OCT,-0.74,-0.4,-0.64,-1.17,-0.84,0.296728144163871,0.3847874199354838,0.6798959190322581,6
2016,NOV,-0.76,-0.2,-0.6,-1.17,-0.46,-0.23248564274,0.03995810921666667,1.4056047909999998,3
2016,DEC,-0.5,0.5,-0.45,-0.9,-0.28,0.21597560437096774,0.09756067541935483,0.6025583080645162,6
2017,JAN,-0.43,0.3,-0.19,-0.89,0.01,-0.1562065633483871,-0.46341426117096773,1.2075865980645162,3
2017,FEB,-0.08,-0.1,-0.02,-0.43,0.05,-0.9060633092857142,0.22963725898214288,2.432161792857143,2
2017,MAR,0.03,1.5,0.18,-0.32,0.31,0.42572607341612906,-0.5395821568064517,0.7525501162903225,4
2017,APR,0.22,-0.3,0.31,-0.07,0.43,-0.37328486756333334,0.5491908102699999,0.7843319514433333,7
2017,MAY,0.37,0.4,0.4,0.13,0.61,-0.5297857454064515,-0.4729416078612903,1.3503042366709677,8
2017,JUN,0.34,-0.7,0.39,0.1,0.36,-0.43834039243333334,-0.4650490265334,1.010765505,1
2017,JUL,0.25,1.3,0.19,-0.06,0.37,0.34705208553577416,-0.40939039589419357,1.0194311058064516,3
2017,AUG,-0.16,0.9,-0.07,-0.55,0.72,-0.07585871343225806,-0.12662655820967741,0.560064344016129,2
2017,SEP,-0.43,1.0,-0.34,-0.77,0.19,0.242664440604,-0.035463051216666666,0.5864452456666667,4
2017,OCT,-0.56,1.5,-0.6,-0.88,0.22,0.8853413216129031,0.8830719952454839,2.0237151622580645,5
2017,NOV,-0.97,1.5,-0.77,-1.34,0.21,0.41701089992333334,-0.20183345163000002,0.8390316453333334,4
2017,DEC,-0.98,-0.2,-0.86,-1.24,-0.14,-0.040055550783870957,0.7052040654032258,1.455329965483871,6
2018,JAN,-0.98,1.8,-0.77,-1.21,0.17,0.9257907208225806,-0.4845860038709678,2.2438225967741934,2
2018,FEB,-0.78,-0.8,-0.71,-0.92,0.49,-1.1028061825,1.3078334053571428,2.449217742857143,7
2018,MAR,-0.8,2.4,-0.57,-1.0,0.08,0.3659830071483871,-0.29845994307096774,1.1359975419354837,3
2018,APR,-0.51,0.8,-0.39,-0.71,0.05,-0.74442276881,-0.20054344304333335,1.4919827436666668,3
2018,MAY,-0.2,0.6,-0.13,-0.29,0.14,-1.0118249293548387,-0.8740166167741935,1.7735262777419354,1
2018,JUN,0.04,-0.2,0.06,0.07,0.06,-0.31501413008,-0.12822002868666665,1.099695321,1
2018,JUL,0.12,0.4,0.14,0.09,0.33,0.7894040116129032,0.8789099145451613,1.4670566325806451,6
2018,AUG,0.09,-0.5,0.27,0.0,0.36,0.34208012912903224,0.8898616522067743,1.1604823280645162,6
2018,SEP,0.47,-1.5,0.53,0.39,0.67,-0.7722294448833333,0.31556964063,1.0746740603333333,8
2018,OCT,0.9,0.6,0.81,0.8,0.36,-0.964835109016129,-0.38950002901290326,1.372201460967742,1
2018,NOV,0.9,-0.1,0.97,0.77,0.46,0.13989667887666665,-0.10551448570000001,1.3713922473333333,5
2018,DEC,0.89,1.7,0.92,0.74,0.41,1.290182469232258,-0.4561411701967742,2.266200470967742,5
2019,JAN,0.65,-0.1,0.89,0.51,0.15,0.1963882922580645,0.8464006467741936,1.75703085,6
2019,FEB,0.71,-2.3,0.86,0.6,-0.06,-1.0217569667857143,0.6751185669714286,1.7487797142857142,8
2019,MAR,0.81,-0.5,0.84,0.74,0.03,0.6009302474580644,-0.6581908809687097,1.1146516216129032,4
2019,APR,0.62,0.2,0.77,0.46,0.3,0.05248583901,-0.7902051365592333,1.0698441273333332,2
2019,MAY,0.55,-0.7,0.64,0.36,0.83,-0.9290831523451613,0.4274375764580645,1.854505129032258,8
2019,JUN,0.45,-0.7,0.52,0.19,0.88,0.50350235983,-0.36908445474,1.3048570076666666,3
2019,JUL,0.35,-0.6,0.33,0.09,0.8,-0.38982570741290323,-0.38361284656709677,0.8737279109677419,1
2019,AUG,0.04,-0.2,0.19,-0.2,1.42,0.5699026844493548,-0.2520621713258065,0.9542141777419355,4
2019,SEP,0.03,-1.9,0.23,-0.18,1.38,-0.677712537,0.05235216856,1.6799940163333333,1
2019,OCT,0.48,-0.6,0.39,0.29,1.78,-0.8833014448387098,-0.7452113497354839,1.5321089774193548,1
2019,NOV,0.52,-1.4,0.58,0.24,1.78,-0.11562880728000001,0.5026730260719999,1.5540973666666666,5
2019,DEC,0.52,-0.9,0.66,0.17,0.82,-0.07022735306451613,-0.24691596419354842,0.9795201067741935,2
2020,JAN,0.6,0.3,0.64,0.2,0.18,1.0035916241935483,1.0082404386774193,2.0013102467741937,6
2020,FEB,0.37,-0.1,0.63,-0.03,-0.21,0.5640794710344829,0.646182825882069,1.19141821,5
2020,MAR,0.48,-0.2,0.53,0.07,-0.12,0.7616158964516129,-0.5188404248387097,1.516898370967742,3
2020,APR,0.36,0.3,0.3,-0.11,-0.08,-0.36173394433333333,-0.521191456,1.6374265986666667,1
2020,MAY,-0.27,0.7,0.01,-0.8,0.39,0.03338529084193548,-0.2530141606387097,1.1646890893548387,2
2020,JUN,-0.34,-0.6,-0.23,-0.77,0.57,-0.7631733321066666,-0.973934511,1.3547168013333333,1
2020,JUL,-0.3,0.7,-0.36,-0.7,0.36,-0.5695896803225806,-1.1999961770967742,1.5012130690322583,2
2020,AUG,-0.59,1.8,-0.53,-0.97,-0.16,-0.15967926064516128,-0.17977792113548388,1.5708076487096774,8
2020,SEP,-0.83,1.5,-0.85,-1.13,-0.32,0.938131721,-0.18123514603100002,1.1078213236666665,4
2020,OCT,-1.26,0.8,-1.12,-1.58,-0.04,1.4931747565419353,0.6882541004770968,1.8443815480645163,5
2020,NOV,-1.42,1.1,-1.2,-1.7,0.07,-0.14844066521333332,-0.30654665733333336,1.0659901883333334,4
2020,DEC,-1.15,3.0,-1.08,-1.36,0.18,0.6953177345096775,0.19067643926096775,0.8462182629741936,5
2021,JAN,-1.0,3.2,-0.91,-1.06,0.26,0.49299734161,0.08641934741935484,1.3812992767741936,3
2021,FEB,-1.0,2.5,-0.79,-1.12,0.18,0.05344927089999999,1.5857486575,1.7109776275000002,7
2021,MAR,-0.8,0.6,-0.71,-0.94,0.1,-0.33486933835483873,-0.29172464673225806,1.1486161170967741,1
2021,APR,-0.72,0.6,-0.55,-0.88,0.28,-0.5842485214866666,1.4856743297100001,2.1312086966666666,7
2021,MAY,-0.46,0.8,-0.39,-0.56,-0.33,-0.3078039641419355,-0.5987102853709677,1.6188268058064517,2
2021,JUN,-0.28,0.7,-0.3,-0.39,-0.47,-0.917235017,-0.2451607732,1.2543668813333333,1
2021,JUL,-0.39,2.3,-0.35,-0.6,-0.48,0.3827399663967742,-0.09488936156129034,1.2697446645161292,2
2021,AUG,-0.53,1.0,-0.45,-0.78,-0.34,-0.8038796360387096,-0.8250745804709677,1.3328496390322582,2
2021,SEP,-0.55,1.3,-0.63,-0.77,-0.13,0.7449561687633334,-0.78873597432,1.16716908,3
2021,OCT,-0.94,1.2,-0.76,-1.21,-0.69,0.4540551648387097,0.11976316803870969,1.1958632022580646,5
2021,NOV,-0.94,1.6,-0.91,-1.21,-0.38,0.8146209546400001,-0.4150659799133333,1.0642061103333333,4
2021,DEC,-1.06,2.5,-0.87,-1.28,-0.2,0.08230786104193549,1.8942223387096773,2.068191648387097,6
2022,JAN,-0.94,0.8,-0.82,-1.23,-0.26,-0.43988916122580646,0.9241325209677419,1.1541269361290323,7
2022,FEB,-0.89,1.8,-0.79,-1.13,-0.37,0.535483318935,-1.0922399217857142,1.2939472457142858,3
2022,MAR,-0.97,2.9,-0.86,-1.29,-0.11,0.16646138476193548,-0.7742409646425806,1.0719917463806452,4
2022,APR,-1.11,2.8,-0.95,-1.43,-0.37,-0.2514808096766667,-0.11387426269666667,0.6809799073333332,1
2022,MAY,-1.11,2.4,-0.9,-1.31,-0.55,-0.32699639602419356,0.3634845875870968,1.2369349422580647,1
2022,JUN,-0.75,2.8,-0.78,-0.93,-0.69,-1.1841520453333334,-0.633236062,1.7460144566666667,1
2022,JUL,-0.69,1.3,-0.76,-0.72,-1.06,0.18780741064838707,-0.3513434959483871,0.9906527754838709,4
2022,AUG,-0.97,1.7,-0.87,-1.07,-1.17,-0.19781484886483872,-0.4701108132612903,0.9623516609677419,2
2022,SEP,-1.07,2.7,-0.97,-1.23,-1.07,0.27512142704333337,-0.12768065780666668,0.45954351401,4
2022,OCT,-0.99,2.8,-0.94,-1.11,-0.97,0.6591511922580645,1.0315331135998065,1.5040083503225805,6
2022,NOV,-0.9,0.5,-0.85,-1.01,-0.59,-0.04266385430999999,0.8131484544800001,1.2876559716666667,7
2022,DEC,-0.85,3.5,-0.71,-1.02,-0.09,0.7208648494387097,0.044474071593548374,1.0273198254935483,4
2023,JAN,-0.72,2.3,-0.54,-0.87,0.09,-0.1265683586548387,-0.2954860546387097,1.3139867793548388,3
2023,FEB,-0.46,2.3,-0.29,-0.61,0.32,0.43022405672857145,0.5367483721428571,1.642928577857143,7
2023,MAR,-0.11,0.3,-0.02,-0.39,0.37,-1.655123950283871,0.3283029698580645,2.51316421,8
2023,APR,0.14,0.4,0.27,-0.32,0.38,-0.6686078813966667,0.5253190116666667,1.690960304,7
2023,MAY,0.46,-1.7,0.57,0.08,0.02,0.16701056171612905,0.9646858638258065,1.6563232422580645,6
2023,JUN,0.84,0.4,0.84,0.46,-0.08,-0.3809827303366667,-0.6810147679433333,1.1452140906,2
2023,JUL,1.02,-0.4,1.12,0.56,0.12,0.09427753913870968,-0.19286848038064516,0.7976125261290323,6
2023,AUG,1.35,-1.4,1.37,0.84,0.71,-0.8005228230419354,0.20100574437903226,0.9138732870967742,8
2023,SEP,1.6,-2.1,1.6,1.15,0.84,0.5569932097139999,-0.44401384087,0.8482362092433333,4
2023,OCT,1.72,-0.8,1.83,1.31,1.44,-1.2129507385722582,0.06748058496451614,1.3481443029032258,1
2023,NOV,2.02,-1.3,1.99,1.59,1.5,-0.6423574470147,-0.7012804585133333,1.3793660156666665,2
2023,DEC,2.03,-0.4,2.06,1.57,1.2,0.050285135087096776,-0.12486576613548386,1.5088745183870966,1
2024,JAN,1.81,0.8,1.92,1.19,0.82,0.9479478824741935,0.09913260372354839,2.1301259990322583,3
2024,FEB,1.52,-2.3,1.62,0.83,0.3,-0.36646978534068964,0.9590727539206896,1.320369253448276,7
2024,MAR,1.13,0.6,1.26,0.53,0.54,0.4227841195903225,0.10187447838709676,2.1925623516129034,1
2024,APR,0.77,-0.3,0.82,0.1,0.33,0.203067112717,-0.7300165249826667,0.9224413806666667,3
2024,MAY,0.23,0.8,0.49,-0.47,0.16,0.5076548216129032,-0.7718636449332258,1.1610660574193548,3
2024,JUN,0.17,0.1,0.22,-0.41,-0.09,-0.25969889613999997,-0.43474339912033333,0.6628132326966667,1
2024,JUL,0.04,-1.2,0.08,-0.49,-0.35,0.5069708138709678,-0.12361879161290322,0.9624826951612904,5
2024,AUG,-0.12,1.5,-0.07,-0.63,0.26,-0.3255651731032258,-0.7349773759419355,1.2579586129032256,1
2024,SEP,-0.26,-0.2,-0.17,-0.79,0.11,0.42269562306333336,0.4913670217643334,1.3331643233333332,5
2024,OCT,-0.27,0.8,-0.21,-0.86,-0.36,0.7221115799774194,0.2277067655483871,1.5537392229032259,5
2024,NOV,-0.25,0.8,-0.3,-0.81,-0.49,-0.2670628073333333,-0.80145454159,1.6787422696666667,2
2024,DEC,-0.6,1.9,-0.42,-1.14,-0.5,1.4498865761290323,0.805633439083871,1.9293435774193548,5
2025,JAN,-0.74,0.3,-0.45,-1.29,-0.39,-0.10404966064516129,-0.4779373729032258,1.5914789483870968,8
2025,FEB,-0.43,0.9,-0.24,-0.98,0,-0.1994442872107143,1.1957801323107142,1.714150855,7
2025,MAR,0.01,2.8,-0.06,-0.44,0.25,-0.4079172114419355,-0.4381973010741936,1.3477888151612902,1
2025,APR,-0.14,0.9,0.02,-0.59,0.2,-0.178488689616,0.41046038012666664,0.6731064853333333,7
2025,MAY,-0.13,0.7,-0.02,-0.54,0.21,0.1239937282967742,0.014197469448741935,0.6787656012870968,4
2025,JUN,-0.07,0.5,-0.04,-0.33,-0.06,-0.037156205436666666,0.22147496540933334,0.8164149247633333,2
2025,JUL,-0.14,1.0,-0.14,-0.41,-0.31,0.35396735326129025,0.5424121689896775,1.1407249212903225,5
2025,AUG,-0.36,0.7,-0.28,-0.69,-0.51,-0.11564079206774194,-0.7055910015516129,1.1222623299999999,3
2025,SEP,-0.47,0.1,-0.4,-0.81,-0.74,-0.10433221920333334,-0.41014813258,0.7345473199333333,2
2025,OCT,-0.5,1.9,-0.51,-0.81,-0.97,0.21053477307419352,-0.6082795532645161,1.3532173783870969,2
2025,NOV,-0.7,1.8,-0.55,-0.99,-0.8,0.814701847,1.4040701163333333,1.7689699263333334,6
2025,DEC,-0.67,0.0,-0.54,-0.99,-0.62,-0.3657518635677419,0.5222661201225807,0.8503830506000001,7
2026,JAN,-0.58,1.8,-0.37,-0.94,-0.03,0.13785969338064516,1.3783869697064517,1.574410286129032,6
2026,FEB,-0.27,2.4,-0.14,-0.72,0.29,-0.020125060317857147,-0.5546296692714285,1.00473995,3
2026,MAR,-0.01,2.0,0.13,-0.46,0.19,-0.4045570085129032,0.5872358557161291,1.0576013293548387,8
2026,APR,0.29,-1.1,0.48,-0.24,0.33,-1.0073940310898666,-0.1469967643333333,1.7087997313333332,1
2026,MAY,0.82,-1.5,,,-0.39,-0.15945854096774192,-0.17715487979032254,1.3669006203225806,2
2026,JUN,,,,,,-1.1226008816666666,0.27621285677,1.5008919429999998,1
2026,JUL,,,,,,-1.1394352916129034,1.1116065109677418,1.6601284722580645,8
2026,AUG,,,,,,0.20141716581153846,0.8675459112353846,0.9621690123576924,6
